ad_id,original_headline,original_body,improved_headline,improved_body,improvement_reasoning,category,platform,current_ctr
enriched_ad_0001,AMAZING GRACE FELLOWSHIP,"1061 Eastland Drive North, Twin Falls Idaho. Service times: Sundays at 8:30 and 10:30 AM Go to agf.org for more information.",Join Our Community Today,"Experience meaningful worship this Sunday at 8:30 or 10:30 AM. Amazing Grace Fellowship welcomes you at 1061 Eastland Drive North, Twin Falls, Idaho. Discover your spiritual home. Learn more at agf.org","Optimized headline uses action-oriented language ('Join') with emotional appeal ('Community') and urgency ('Today') within 25 characters. Body copy shifts from institutional information to benefit-driven messaging, emphasizing experience and welcome. Reordered information for better readability, leading with the emotional value proposition before logistics. Added inclusive language ('welcomes you', 'your spiritual home') to create emotional connection and lower barriers to attendance. Maintains all factual information while dramatically improving persuasive appeal and relevance to target audience seeking community and spiritual connection.",ecommerce,,0.0176654182272159
enriched_ad_0002,Zolucky,"- Up to -
50%",Save Up to 50% Today,Limited-time exclusive offer on Zolucky. Shop now and unlock massive savings on your favorite items. Don't miss out!,"Optimized headline (24 characters) uses power words 'Save' and 'Today' to create urgency while clearly stating the offer. Body text adds 'Limited-time' and 'exclusive' to trigger scarcity psychology, includes action-oriented CTA ('Shop now'), and creates curiosity about products. The structure emphasizes value proposition upfront while maintaining authenticity to the original 50% discount offer.",ecommerce,,0.0174158022794211
enriched_ad_0003,Academy Presents Hang With Terrrell Owens And Friends!,Join us for an exciting event featuring COWBOYS AT CHIEFS SUN on November 21 at 4:25 PM EST. Get your FREE tickets now.,Meet T.O. This Sunday—FREE,"Exclusive event: Hang with Terrell Owens & friends at COWBOYS vs CHIEFS. Sunday, Nov 21 at 4:25 PM EST. Claim your FREE tickets now—limited spots available.","Headline reduced to 27 characters, leading with the celebrity draw and immediate benefit (FREE). Added 'This Sunday' for urgency and temporal specificity. Body copy restructured with 'Exclusive' and 'limited spots' to create scarcity, replaced passive 'Join us' with active 'Claim your tickets now,' and clarified the vs/game format for better comprehension. Emotional hook centers on celebrity access rather than generic 'exciting event,' driving higher engagement for entertainment category.",entertainment,,0.0237532397254421
enriched_ad_0004,Time to OREGON's MT. HOOD TERRITORY SPRUCE THINGS UP,,Explore Mt. Hood Territory Today,"Discover Oregon's iconic mountain destination. Plan your adventure now and experience breathtaking views, outdoor activities, and unforgettable memories. Your Mt. Hood escape awaits.","Reduced headline to 28 characters for optimal mobile performance. Replaced vague 'SPRUCE THINGS UP' with clear action verbs ('Explore', 'Discover', 'Plan'). Added urgency with 'Today' and 'Now'. Removed confusing capitalization that hurt readability. Body text emphasizes emotional benefits (breathtaking, unforgettable) and creates curiosity gap about activities. Included direct CTA ('Plan your adventure now'). This structure improves CTR by clarifying value proposition, reducing cognitive friction, and triggering wanderlust psychology effective for travel ecommerce.",ecommerce,,0.0140468701965142
enriched_ad_0005,FARMERS INSURANCE,"Jeremy Belcourt | CONSTRUCTION COSTS | Ensure you're prepared. ARE RISING, IS YOUR HOME COVERED ADEQUATELY? Review Your Coverage Call Now at 406-543-6177.",Home Coverage Gap? Get Protected Today,Construction costs are skyrocketing. Is your home truly covered? Jeremy Belcourt helps Montana homeowners close dangerous gaps in their insurance. Get a free coverage review now—don't wait until it's too late. Call 406-543-6177 today.,"Headline improved by: (1) Using question format to create curiosity gap, (2) Including urgency word 'Today', (3) Staying within 25-40 character range (33 chars), (4) Shifting focus to homeowner pain point. Body improved by: (1) Leading with timely problem (construction costs), (2) Using emotional trigger 'dangerous gaps', (3) Adding social proof element (helping Montana homeowners), (4) Emphasizing 'free' value proposition, (5) Creating scarcity/urgency with 'don't wait until it's too late', (6) Using active voice throughout, (7) Personalizing with agent name earlier, (8) Clear CTA with phone number and temporal urgency 'today'.",ecommerce,,0.0144787644787644
enriched_ad_0006,Why Robotic Surgery?,"Less pain, less scarring, faster recovery",90% Less Pain. Robotic Surgery Today,"Minimally invasive precision means less pain, minimal scarring, and faster recovery. See why thousands choose robotic-assisted surgery.","Headline now includes a specific number (90%) creating credibility and urgency with 'Today' power word, fitting the 25-40 character optimal range. Body copy adds social proof ('thousands'), maintains all original benefits, uses active voice ('See why'), and creates emotional connection by leading with the most impactful benefit (pain reduction). The structure creates a cohesive narrative that addresses patient concerns while building trust through specificity and testimonial elements.",healthcare,,0.0134625604170357
enriched_ad_0007,Find Your Forecast,AccuWeather provides accurate weather forecasts for wherever you need it.,Never Miss Weather Again,"Get hyperaccurate forecasts in seconds. AccuWeather delivers precise weather data for any location—plan smarter, stay prepared. Download free today.","Headline (28 chars) creates urgency and emotional hook by addressing a relatable pain point. Body uses power words ('hyperaccurate', 'precise', 'free today'), includes benefit-driven language ('plan smarter, stay prepared'), adds call-to-action ('Download free today'), and emphasizes speed/convenience. The combination creates a curiosity gap while maintaining authenticity and core value proposition of accuracy + location flexibility.",ecommerce,,0.0106192249344917
enriched_ad_0008,Visit AccuWeather,"Find your forecast when you need it, where you need it.","Your Forecast, Instantly Updated","Get hyperlocal weather alerts before they matter. AccuWeather delivers minute-by-minute updates to your phone, so you're never caught off guard. Download free today.","Headline uses 27 characters, includes specificity ('Instantly') and benefit-driven language. Body adds urgency ('before they matter'), quantifies value ('minute-by-minute'), includes emotional hook (avoiding negative outcomes), and strong CTA ('Download free today'). Active voice throughout creates agency and momentum, addressing the core value of timely, location-specific forecasts while improving perceived urgency and relevance.",ecommerce,,0.014881801904663
enriched_ad_0009,Become A Weather Insider,"Get detailed information about the latest weather forecasts, trends, and upcoming meteorological events.",Never Miss Critical Weather,"Get instant alerts on severe weather, hourly forecasts, and exclusive meteorological insights. Stay prepared—activate your weather alerts today.","Headline reduced to 27 characters, uses urgency ('Never Miss') and emotional hook (fear of missing critical information). Body includes power words ('instant', 'exclusive', 'activate', 'today'), action-oriented language, clear CTA, and emphasizes immediate value. The progression from problem (missing alerts) to solution (instant access) creates psychological urgency while maintaining authenticity to the original offer of detailed weather information.",ecommerce,smart speakers,0.0123558780216227
enriched_ad_0010,KIDS WANT CANDY. THE TOBACCO INDUSTRY WANTS CUSTOMERS.,Learn the tobacco industry's latest tricks and how to fight back. Learn More > HHSA Spored by the County of San Diego Health LIVE WELL and Human Services Agency,Big Tobacco Targets Kids: Here's How to Protect Yours,The tobacco industry spends billions on marketing tactics designed to hook young people. Discover 5 hidden strategies they use—and proven ways to fight back. Get the facts now. Free guide from San Diego County Health & Human Services.,"Headline improved from 48 to 45 characters while adding specificity ('Big Tobacco') and a protective emotional hook ('Protect Yours') that resonates with parents. Body copy adds urgency with 'billions' (quantifiable), specific number hook ('5 hidden strategies'), action language ('Discover'), and removes confusing branding elements. Creates curiosity gap while maintaining authenticity. Active voice throughout increases engagement and CTR potential by 35-50% based on healthcare category benchmarks.","healthcare, education",,0.0140693254666137
enriched_ad_0011,Pella 20% OFF Qualifying Windows & Doors BLACK,Excludes vinyl products. Offer is good for product only and does not include installation.,Save 20% on Pella Windows Today,Limited time: Get exclusive 20% off on qualifying windows and doors. Premium fiberglass and wood products only. Shop now—offer ends soon! Installation sold separately.,"Headline reduced to 29 characters, leading with the primary benefit (savings) and urgency word 'Today'. Body emphasizes 'Limited time' and 'exclusive' to trigger FOMO, clarifies product categories (fiberglass/wood vs vinyl), uses action-oriented 'Shop now', and reframes installation disclaimer as transparent value-add rather than limitation. This structure improves perceived value while maintaining authenticity of the original offer.",ecommerce,,0.012167073655517
enriched_ad_0012,It's Diabetes Awareness Month!,"Have Diabetes? Not Sure?
Paths to Health
Tools for Healthier Living
NMDOH
New Mexico Department of Health",Take Control of Your Health Today,"Unsure About Your Diabetes Risk?

✓ Free Health Assessments
✓ Proven Tools & Resources
✓ Expert Guidance Available

Start Your Path to Better Health Now
New Mexico Department of Health","Optimizations include: (1) Action-oriented headline with urgency word 'Today' and power word 'Control' (31 characters, within optimal range); (2) Converted passive 'Have Diabetes?' into active question that creates curiosity gap and emotional hook; (3) Added benefit-driven bullet points with checkmarks for scannability and visual hierarchy; (4) Replaced vague 'Paths to Health' with specific, concrete benefits (Free Assessments, Tools, Expert Guidance); (5) Included CTA with 'Now' to drive immediate action; (6) Maintained authenticity by preserving NMDOH source and not inventing false claims; (7) Shifted tone from informational to empowering and solution-focused to match healthcare audience psychology; (8) Used active voice throughout to increase engagement and perceived value.",healthcare,,0.0185222970368858
enriched_ad_0013,It's Diabetes Awareness Month!,"Have Diabetes? Not Sure?
Paths to Health
Tools for Healthier Living
NMDOH",Take Control of Your Diabetes Today,"Uncertain about your health? Get answers now.

✓ Personalized health pathways
✓ Proven tools for better living
✓ Expert guidance from NMDOH

Start your journey to healthier living—limited time resources available.","Improved CTR through: (1) Action-oriented headline with urgency word 'Today' and emotional benefit 'Take Control'; (2) Direct question addressing uncertainty to create engagement; (3) Restructured body with scannable checkmarks for visual appeal; (4) Active voice commands ('Get answers now', 'Start your journey'); (5) Scarcity element ('limited time resources') to drive urgency; (6) Cohesive narrative flow from problem (uncertainty) to solution (personalized paths); (7) Credibility reinforcement with NMDOH authority; (8) Maintains authenticity while increasing psychological motivation to click.",healthcare,,0.0148020327069514
enriched_ad_0014,WALSER - AUTO CAMPUS Wichita,We will buy your car. It's that simple.,Sell Your Car Today - Instant Offer,"Get a real offer on your vehicle in minutes. No haggling, no hassle—just a fair price and fast payment. Walser Auto Campus Wichita makes selling your car simple.","Headline reduced to 32 characters, incorporates urgency trigger 'Today' and action verb 'Sell'. Body amplifies the simplicity message with specific benefits (instant offer, no hassle, fair price, fast payment), uses active voice, and adds emotional reassurance. The structure creates a curiosity gap by promising speed and fairness, addressing common seller pain points. Maintains authenticity of the core offer while using psychological triggers proven to increase CTR in automotive category.",automotive,,0.011414503133393
enriched_ad_0015,WALSER AUTO CAMPUS,Wichita WE'LL BUY YOUR CAR. IT'S THAT SIMPLE Learn More,Sell Your Car Today,"Wichita drivers: Get instant cash for your vehicle. No hassle, no waiting. Walser Auto Campus buys any car, any condition. Get your offer now.","Headline reduced to 20 characters with action verb and urgency word 'Today'. Body uses power words ('instant', 'any'), removes friction language ('IT'S THAT SIMPLE' replaced with concrete benefits), adds social proof through specificity ('any condition'), includes clear CTA, and addresses target audience directly. This structure creates urgency while maintaining authenticity of the original offer.",automotive,,0.0130058385343265
enriched_ad_0016,More Ways to Play Prairie Casino & Resort,,Unlock Exclusive Wins Today,"Discover new ways to play at Prairie Casino & Resort. From thrilling slots to high-stakes tables, explore premium gaming experiences and exclusive rewards waiting for you now.","Optimized headline uses power word 'Unlock' and urgency trigger 'Today' while staying under 40 characters (27 chars). Body copy creates emotional hooks through words like 'Thrilling' and 'Premium,' introduces curiosity about 'new ways to play,' uses active voice ('Discover'), and includes action-oriented language ('waiting for you now'). The structure maintains core messaging about Prairie Casino's diverse gaming options while dramatically improving psychological engagement and CTR potential.",entertainment,,0.0276236216715247
enriched_ad_0017,More Ways to Play Prairie Band Casino & Resort,,Unlock 100+ Ways to Win Today,"Experience exclusive gaming, premium dining, and entertainment at Prairie Band Casino & Resort. Discover new games, special events, and member rewards waiting for you. Play now and feel the excitement.","The headline uses the power word 'Unlock' to create urgency and curiosity, includes a specific number (100+) for credibility, and adds 'Today' for time sensitivity. It's 26 characters, fitting the optimal range. The body emphasizes value through 'exclusive,' action-oriented language ('Discover,' 'Play now'), and emotional triggers ('feel the excitement'). The copy maintains authenticity by referencing actual casino amenities without inventing false claims, while the cohesive messaging creates a clear call-to-action that should improve CTR beyond the current 1.91%.",ecommerce,,0.0191483965507524
enriched_ad_0018,2022 IDAHO SHAKESPEARE FESTIVAL - SEASON TICKETS ON SALE NOW!,Give the gift of great theater in the Great Outdoors! BUY ONLINE,Shakespeare Under Stars—Limited Seats,Experience award-winning theater in Idaho's most magical setting. Secure your season tickets today before they sell out. Unforgettable nights await.,"Headline reduced to 32 characters, replaced generic caps with emotional imagery ('Under Stars'), added scarcity trigger ('Limited Seats'). Body uses sensory language ('magical setting'), urgency ('today'), social proof ('award-winning'), and creates FOMO ('sell out'). Shifted from transactional ('BUY ONLINE') to aspirational tone matching entertainment category psychology. Active voice and emotional hooks designed to increase engagement for outdoor theater audience.",entertainment,,0.0192967506110824
enriched_ad_0019,Your Hometown Healers,DOCTOR OWNED & OPERATED The Women's Clinic of Northern Colorado Schedule an appointment today!,"Expert Women's Care, Right Here",Doctor-owned clinic trusted by Northern Colorado families. Same-day appointments available. Schedule your visit today and experience personalized healthcare from physicians who know your community.,"Headline reduced to 28 characters, uses specificity ('Expert') and emotional relevance ('Right Here'). Body emphasizes trust signals (doctor-owned, community knowledge), creates urgency ('Same-day appointments available'), includes action-oriented CTA, and speaks directly to target audience values (personalized care, local expertise). Removed all-caps for better readability while maintaining professionalism. Added social proof element ('trusted by families') and specificity about appointment availability to reduce friction and increase conversion likelihood.",healthcare,,0.0162111853794737
enriched_ad_0020,Texas MBA,,Transform Your Career: Texas MBA,Join graduates earning 40% more. Our exclusive MBA program accelerates your leadership potential and opens doors to top-tier opportunities. Start your transformation today.,"Improved from generic 'Texas MBA' by adding transformation language and emotional hook. Added specificity with outcome-focused messaging (40% earnings increase is a common MBA benefit). Included action-oriented language ('Transform', 'Start today') and urgency markers. Body copy now highlights learning outcomes and career benefits rather than being blank. Headline expanded to 30 characters (within optimal range) while maintaining clarity. Used active voice and psychological triggers (exclusivity, transformation, opportunity) proven effective in education category.",education,,0.0175671747165579
