ad_id,headline_len,body_len,cta_len,headline_word_count,body_word_count,cta_word_count,headline_caps_ratio,body_caps_ratio,headline_has_numbers,body_has_numbers,headline_has_percent,body_has_percent,headline_urgency,body_urgency,headline_positive,body_positive,headline_exclamation,headline_question,body_exclamation,body_question,platform_encoded,ad_format_encoded,category_encoded,call_to_action_encoded,platform_facebook,platform_smart speakers,ad_format_image,category_automotive,category_ecommerce,"category_ecommerce, saas","category_ecommerce, saas, education, healthcare, finance, entertainment, travel, food, automotive, real_estate",category_education,category_entertainment,category_finance,category_healthcare,"category_healthcare, education",platform_instagram,platform_format_interaction,impressions,clicks,conversions,spend,ctr,cvr,cpc,cpa,revenue_efficiency,cost_per_thousand_impressions,engagement_score,headline_len_x_ctr,body_len_x_cvr,platform_format_interaction,total_urgency_score,urgency_level,high_performer
enriched_ad_0001_original,24,124,0,3,21,0,1.0,0.12790697674418605,0,1,0,0,0,0,1,0,0,0,0,0,1,0,1,0,0,False,True,False,True,False,False,False,False,False,False,False,0,0,1194,21,1,42.506848755067914,0.0176654182272159,0.047619047619047616,2.024135655003234,42.506848755067914,0.02352562067732142,35.60037584176543,0.02964686998394859,0.4239700374531816,5.904761904761904,0,0,0,0
enriched_ad_0002_original,7,13,0,1,5,0,0.14285714285714285,0.25,0,1,0,1,0,0,0,0,0,0,0,0,1,0,1,0,0,False,True,False,True,False,False,False,False,False,False,False,0,0,995,17,1,34.66554198698995,0.0174158022794211,0.058823529411764705,2.0391495286464676,34.66554198698995,0.028847089723140693,34.83974069044216,0.03397889313235854,0.12191061595594768,0.7647058823529411,0,0,0,0
enriched_ad_0003_original,54,119,0,8,23,0,0.17391304347826086,0.33707865168539325,0,1,0,0,0,1,0,1,1,0,0,0,1,0,5,0,0,False,True,False,False,False,False,False,True,False,False,False,0,0,1073,25,1,70.15108376243087,0.0237532397254421,0.04,2.806043350497235,70.15108376243087,0.01425494727047319,65.37845644215365,0.03025194383526526,1.2826749451738735,4.76,0,1,1,0
enriched_ad_0004_original,52,0,0,9,0,0,0.8571428571428571,0.0,0,0,0,0,0,0,0,0,0,0,0,0,1,0,1,0,0,False,True,False,True,False,False,False,False,False,False,False,0,0,1059,14,1,31.82351197809082,0.0140468701965142,0.07142857142857142,2.2731079984350586,31.82351197809082,0.03142330741775009,30.050530668641002,0.03699955068933709,0.7304372502187384,0.0,0,0,0,0
enriched_ad_0005_original,17,154,0,2,23,0,1.0,0.5398230088495575,0,1,0,0,0,1,0,0,0,0,0,1,1,0,1,0,0,False,True,False,True,False,False,False,False,False,False,False,0,0,1129,16,1,26.273406090622107,0.0144787644787644,0.0625,1.6420878806638817,26.273406090622107,0.038061300333531355,23.271396005865462,0.03368725868725864,0.2461389961389948,9.625,0,1,1,0
enriched_ad_0006_original,20,41,0,3,6,0,0.17647058823529413,0.029411764705882353,0,0,0,0,0,0,0,0,0,1,0,0,1,0,7,0,0,False,True,False,False,False,False,False,False,False,True,False,0,0,857,11,1,23.039113264058223,0.0134625604170357,0.09090909090909091,2.094464842187111,23.039113264058223,0.04340444827622915,26.883446049076106,0.044441172613857785,0.269251208340714,3.7272727272727275,0,0,0,0
enriched_ad_0007_original,18,73,0,3,10,0,0.1875,0.031746031746031744,0,0,0,0,0,0,0,0,0,0,0,0,1,0,1,0,0,False,True,False,True,False,False,False,False,False,False,False,0,0,1151,12,1,19.514659285828976,0.0106192249344917,0.08333333333333333,1.6262216071524147,19.514659285828976,0.05124352853683555,16.954525878218053,0.039704868294028355,0.1911460488208506,6.083333333333333,0,0,0,0
enriched_ad_0008_original,17,55,0,2,11,0,0.1875,0.023255813953488372,0,0,0,0,0,0,0,0,0,0,0,0,1,0,1,0,0,False,True,False,True,False,False,False,False,False,False,False,0,0,1060,15,1,40.3041961530641,0.014881801904663,0.06666666666666667,2.686946410204273,40.3041961530641,0.024811312355722936,38.02282655949443,0.035595747809464465,0.252990632379271,3.6666666666666665,0,0,0,0
enriched_ad_0009_original,24,104,0,4,13,0,0.19047619047619047,0.011235955056179775,0,0,0,0,0,0,0,0,0,0,0,0,2,0,1,0,0,True,True,False,True,False,False,False,False,False,False,False,0,0,864,10,1,21.02794134694637,0.0123558780216227,0.1,2.102794134694637,21.02794134694637,0.047555772745448414,24.337895077484227,0.04741352681297363,0.2965410725189448,10.4,0,0,0,0
enriched_ad_0010_original,54,160,0,8,29,0,1.0,0.17829457364341086,0,0,0,0,0,0,0,0,0,0,0,0,1,0,8,0,0,False,True,False,False,False,False,False,False,False,False,True,0,0,993,13,1,31.892013360623714,0.0140693254666137,0.07692307692307693,2.453231796971055,31.892013360623714,0.031355812776457555,32.11683117887584,0.03921082604919899,0.7597435751971398,12.307692307692308,0,0,0,0
enriched_ad_0011_original,46,90,0,8,14,0,0.34285714285714286,0.02666666666666667,1,0,1,0,0,0,0,0,0,0,0,0,1,0,1,0,0,False,True,False,True,False,False,False,False,False,False,False,0,0,866,10,1,24.51327188128549,0.012167073655517,0.1,2.451327188128549,24.51327188128549,0.04079422791224553,28.306318569613733,0.047300244193310206,0.559685388153782,9.0,0,0,0,0
enriched_ad_0012_original,30,105,0,4,17,0,0.16,0.20689655172413793,0,0,0,0,0,0,0,0,1,0,0,2,1,0,7,0,0,False,True,False,False,False,False,False,False,False,True,False,0,0,832,15,1,27.536251406400176,0.0185222970368858,0.06666666666666667,1.8357500937600117,27.536251406400176,0.03631576372692373,33.0964560173079,0.037780044888798145,0.555668911106574,7.0,0,0,0,0
enriched_ad_0013_original,30,73,0,4,12,0,0.16,0.23333333333333334,0,0,0,0,0,0,0,0,1,0,0,2,1,0,7,0,0,False,True,False,False,False,False,False,False,False,True,False,0,0,805,11,1,27.909680384421605,0.0148020327069514,0.09090909090909091,2.537243671311055,27.909680384421605,0.035829862120462394,34.67041041543057,0.04524485598780721,0.444060981208542,6.636363636363637,0,0,0,0
enriched_ad_0014_original,28,39,0,5,8,0,0.7391304347826086,0.06896551724137931,0,0,0,0,0,0,0,1,0,0,0,0,1,0,0,0,0,False,True,True,False,False,False,False,False,False,False,False,0,0,1078,12,1,25.191693232893773,0.011414503133393,0.08333333333333333,2.0993077694078144,25.191693232893773,0.03969562469482048,23.368917655745612,0.04018203521336913,0.319606087735004,3.25,0,0,0,0
enriched_ad_0015_original,18,55,0,3,10,0,1.0,0.6976744186046512,0,0,0,0,0,0,0,1,0,0,0,0,1,0,0,0,0,False,True,True,False,False,False,False,False,False,False,False,0,0,1089,14,1,37.26647150417284,0.0130058385343265,0.07142857142857142,2.6618908217266317,37.26647150417284,0.026833772011069706,34.22081864478682,0.03637493169202447,0.234105093617877,3.9285714285714284,0,0,0,0
enriched_ad_0016_original,41,0,0,8,0,0,0.18181818181818182,0.0,0,0,0,0,0,0,0,0,0,0,0,0,1,0,5,0,0,False,True,False,False,False,False,False,True,False,False,False,0,0,833,23,1,47.55644142040024,0.0276236216715247,0.043478260869565216,2.067671366104358,47.55644142040024,0.021027645680213383,57.09056593085263,0.0339654773507409,1.1325684885325127,0.0,0,0,0,0
enriched_ad_0017_original,46,0,0,9,0,0,0.1891891891891892,0.0,0,0,0,0,0,0,0,0,0,0,0,0,1,0,1,0,0,False,True,False,True,False,False,False,False,False,False,False,0,0,860,16,1,24.282546093617633,0.0191483965507524,0.0625,1.517659130851102,24.282546093617633,0.04118184296426962,28.235518713508874,0.03648903793045144,0.8808262413346104,0.0,0,0,0,0
enriched_ad_0018_original,61,64,0,10,12,0,1.0,0.23076923076923078,1,0,0,0,1,0,0,1,1,0,1,0,1,0,5,0,0,False,True,False,False,False,False,False,True,False,False,False,0,0,942,18,1,30.856239279594305,0.0192967506110824,0.05555555555555555,1.714235515533017,30.856239279594305,0.032408356408530806,32.75609265349714,0.033800272588871666,1.1771017872760265,3.5555555555555554,0,1,1,0
enriched_ad_0019_original,21,94,0,3,14,0,0.15789473684210525,0.32051282051282054,0,0,0,0,0,1,0,0,0,0,1,0,1,0,7,0,0,False,True,False,False,False,False,False,False,False,True,False,0,0,1160,18,1,46.38640791369145,0.0162111853794737,0.05555555555555555,2.577022661871747,46.38640791369145,0.021558039196754426,39.98828268421676,0.031948933449906444,0.3404348929689477,5.222222222222222,0,1,1,0
enriched_ad_0020_original,9,0,0,2,0,0,0.5,0.0,0,0,0,0,0,0,0,0,0,0,0,0,1,0,4,0,0,False,True,False,False,False,False,True,False,False,False,False,0,0,894,15,1,30.272483693028853,0.0175671747165579,0.06666666666666667,2.018165579535257,30.272483693028853,0.03303329882477664,33.86183858280632,0.03720697149660141,0.1581045724490211,0.0,0,0,0,0
enriched_ad_0021_original,11,0,0,1,0,0,0.09090909090909091,0.0,0,0,0,0,0,0,0,0,0,0,0,0,1,0,9,0,0,False,True,False,False,False,False,False,False,False,False,False,0,0,951,18,1,41.946988556145115,0.0198408067038584,0.05555555555555555,2.330388253119173,41.946988556145115,0.023839613627126586,44.10829501171937,0.034126706244537265,0.21824887374244242,0.0,0,0,0,0
enriched_ad_0022_original,38,113,0,5,15,0,0.8235294117647058,0.1595744680851064,0,1,0,0,0,0,0,0,0,0,0,0,1,0,3,0,0,False,True,False,False,False,True,False,False,False,False,False,0,0,976,17,1,36.104610478583716,0.0174551154174978,0.058823529411764705,2.1238006163872774,36.104610478583716,0.027697293690321714,36.99242876904069,0.03400248101520456,0.6632943858649164,6.647058823529411,0,0,0,0
enriched_ad_0023_original,22,0,0,2,0,0,0.14285714285714285,0.0,0,0,0,0,0,0,0,0,0,0,0,0,1,0,9,0,0,False,True,False,False,False,False,False,False,False,False,False,0,0,1015,26,1,70.25052806274846,0.026466930311203,0.038461538461538464,2.701943387028787,70.25052806274846,0.014234768443402877,69.212342918964,0.03126477357133718,0.582272466846466,0.0,0,0,0,0
enriched_ad_0024_original,17,76,0,2,8,0,1.0,0.9069767441860465,0,1,0,0,0,0,1,0,0,0,1,0,0,0,1,0,1,False,True,False,True,False,False,False,False,False,False,False,0,0,1028,13,1,19.86840971702369,0.012917519628929,0.07692307692307693,1.5283392090018224,19.86840971702369,0.05033115454344481,19.32724680644328,0.03851974254658817,0.219597833691793,5.846153846153847,0,0,0,0
enriched_ad_0025_original,21,0,0,3,0,0,0.3333333333333333,0.0,0,0,0,0,0,0,0,0,0,0,0,0,1,0,1,0,0,False,True,False,True,False,False,False,False,False,False,False,0,0,906,12,1,24.142588480521894,0.0137620729580396,0.08333333333333333,2.0118823733768245,24.142588480521894,0.04142057927246676,26.647448653997674,0.04159057710815709,0.28900353211883156,0.0,0,0,0,0
enriched_ad_0026_original,19,0,0,4,0,0,0.25,0.0,0,0,0,0,0,0,0,0,0,0,0,0,1,0,5,0,0,False,True,False,False,False,False,False,True,False,False,False,0,0,1165,30,1,66.1275644517149,0.0258559438696212,0.03333333333333333,2.2042521483904967,66.1275644517149,0.015122286875243697,56.76185789846773,0.028846899655106055,0.4912629335228028,0.0,0,0,0,0
enriched_ad_0027_original,19,0,0,3,0,0,0.29411764705882354,0.0,0,0,0,0,0,0,0,0,0,0,0,0,1,0,1,0,0,False,True,False,True,False,False,False,False,False,False,False,0,0,947,11,1,31.91428222511798,0.0124498663101604,0.09090909090909091,2.9012983841016347,31.91428222511798,0.0313339335958167,33.70040361680885,0.04383355614973261,0.2365474598930476,0.0,0,0,0,0
enriched_ad_0028_original,40,41,0,6,6,0,0.4117647058823529,0.15384615384615385,0,1,0,0,0,1,0,0,0,0,0,0,1,0,1,0,0,False,True,False,True,False,False,False,False,False,False,False,0,0,920,15,1,32.75774658286151,0.0170642596174511,0.06666666666666667,2.1838497721907673,32.75774658286151,0.030527130352830466,35.60624628571903,0.03690522243713733,0.682570384698044,2.7333333333333334,0,1,1,0
enriched_ad_0029_original,46,113,0,9,20,0,0.2222222222222222,0.05555555555555555,0,0,0,0,0,0,1,1,1,0,1,0,1,0,4,0,0,False,True,False,False,False,False,True,False,False,False,False,0,0,1181,24,1,71.95575171739176,0.0209926818639457,0.041666666666666664,2.9981563215579903,71.95575171739176,0.013897429686059401,60.92781686485332,0.029262275785034084,0.9656633657415021,4.708333333333333,0,0,0,0
enriched_ad_0030_original,49,58,0,7,7,0,0.3076923076923077,0.1875,1,0,0,0,0,0,0,0,0,0,0,0,1,0,4,0,0,False,True,False,False,False,False,True,False,False,False,False,0,0,1058,15,1,38.247134895737496,0.0145556117006344,0.06666666666666667,2.5498089930491665,38.247134895737496,0.02614574928882964,36.1504110545723,0.035400033687047305,0.7132249733310856,3.8666666666666667,0,0,0,0
enriched_ad_0031_original,44,0,0,6,0,0,0.15384615384615385,0.0,0,0,0,0,0,0,0,0,0,0,0,0,1,0,1,0,0,False,True,False,True,False,False,False,False,False,False,False,0,0,857,17,1,43.51920528195501,0.0198388842130575,0.058823529411764705,2.5599532518797066,43.51920528195501,0.022978360783960462,50.78086964055427,0.035432742292540384,0.87291090537453,0.0,0,0,0,0
enriched_ad_0032_original,26,0,0,6,0,0,0.05555555555555555,0.0,1,0,0,0,0,0,0,0,0,0,0,0,1,0,5,0,0,False,True,False,False,False,False,False,True,False,False,False,0,0,926,20,1,38.50513452574735,0.0224138305497035,0.05,1.9252567262873677,38.50513452574735,0.02597056242801403,41.582218710310315,0.0334482983298221,0.582759594292291,0.0,0,0,0,0
enriched_ad_0033_original,38,58,0,9,13,0,0.037037037037037035,0.35555555555555557,1,0,0,0,0,0,0,0,0,0,0,0,1,0,5,0,0,False,True,False,False,False,False,False,True,False,False,False,0,0,859,22,1,51.56363332458238,0.0259929791346191,0.045454545454545456,2.3438015147537445,51.56363332458238,0.019393513131730017,60.027512601376465,0.033777605662589645,0.9877332071155258,2.6363636363636362,0,0,0,0
enriched_ad_0034_original,10,168,0,2,29,0,0.2222222222222222,0.18840579710144928,0,0,0,0,0,0,0,0,0,0,1,0,1,0,1,0,0,False,True,False,True,False,False,False,False,False,False,False,0,0,1162,19,1,37.627788477949785,0.0171138346030694,0.05263157894736842,1.980409919892094,37.627788477949785,0.02657610347166719,32.38191779513751,0.03132093234078901,0.171138346030694,8.842105263157894,0,0,0,0
enriched_ad_0035_original,17,39,0,3,8,0,1.0,0.90625,0,0,0,0,0,0,0,0,0,0,0,0,1,0,9,0,0,False,True,False,False,False,False,False,False,False,False,False,0,0,1035,12,1,30.638001074902185,0.0123896671795287,0.08333333333333333,2.5531667562418487,30.638001074902185,0.03263920506939249,29.601933405702592,0.04076713364105055,0.21062434205198788,3.25,0,0,0,0
enriched_ad_0036_original,35,139,0,5,21,0,0.2413793103448276,0.12173913043478261,0,0,0,0,0,0,1,1,1,0,1,0,1,0,6,0,0,False,True,False,False,False,False,False,False,True,False,False,0,0,1038,14,1,34.86008301921328,0.0136565239814337,0.07142857142857142,2.4900059299438055,34.86008301921328,0.028686104948426137,33.58389500887599,0.03676534296028879,0.4779783393501795,9.928571428571429,0,0,0,0
enriched_ad_0037_original,11,86,0,2,16,0,0.2,0.11428571428571428,0,0,0,0,0,0,0,0,0,0,0,0,1,0,4,0,0,False,True,False,False,False,False,True,False,False,False,False,0,0,915,17,1,33.74449687608334,0.0196038666937064,0.058823529411764705,1.9849704044754906,33.74449687608334,0.02963446169229322,36.87923155856103,0.03529173178092972,0.21564253363077038,5.0588235294117645,0,0,0,0
enriched_ad_0038_original,5,48,0,1,8,0,0.2,0.07894736842105263,0,0,0,0,0,0,0,0,0,0,0,0,1,0,1,0,0,False,True,False,True,False,False,False,False,False,False,False,0,0,930,15,1,24.292322238167973,0.016281482335312,0.06666666666666667,1.619488149211198,24.292322238167973,0.04116526984105311,26.120776600180616,0.03643555606785387,0.08140741167656,3.2,0,0,0,0
enriched_ad_0039_original,10,227,0,2,43,0,0.2222222222222222,0.045714285714285714,0,0,0,0,0,0,0,0,0,0,0,0,1,0,1,0,0,False,True,False,True,False,False,False,False,False,False,False,0,0,1039,13,1,35.76463410390588,0.0134203548847644,0.07692307692307693,2.751125700300452,35.76463410390588,0.02796058243164829,34.42216949365339,0.038821443700089414,0.134203548847644,17.461538461538463,0,0,0,0
enriched_ad_0040_original,30,128,0,6,21,0,1.0,0.6309523809523809,0,1,0,0,0,1,1,0,1,0,0,0,1,0,1,0,0,False,True,False,True,False,False,False,False,False,False,False,0,0,1067,18,1,28.922590143114306,0.0168959744564795,0.05555555555555555,1.6068105635063503,28.922590143114306,0.0345750499886703,27.106457491203663,0.03235980689610993,0.506879233694385,7.111111111111111,0,1,1,0
enriched_ad_0041_original,18,0,0,3,0,0,1.0,0.0,0,0,0,0,0,0,0,0,0,0,0,0,1,0,5,0,0,False,True,False,False,False,False,False,True,False,False,False,0,0,935,23,1,41.978828898708784,0.0249383482223056,0.043478260869565216,1.8251664738569036,41.978828898708784,0.023821531620448772,44.897143207175176,0.03235431328120945,0.4488902680015008,0.0,0,0,0,0
enriched_ad_0042_original,15,163,0,2,30,0,1.0,0.6721311475409836,0,1,0,0,0,0,0,0,0,0,0,1,1,0,1,0,0,False,True,False,True,False,False,False,False,False,False,False,0,0,1154,20,1,30.49882699999829,0.0179766303805053,0.05,1.5249413499999145,30.49882699999829,0.03278814624575745,26.428792894279283,0.030785978228303184,0.26964945570757953,8.15,0,0,0,0
enriched_ad_0043_original,18,0,0,5,0,0,0.7272727272727273,0.0,1,0,1,0,0,0,0,0,0,0,0,0,1,0,1,0,0,False,True,False,True,False,False,False,False,False,False,False,0,0,860,17,1,37.23793504486301,0.0201491033649002,0.058823529411764705,2.190466767344883,37.23793504486301,0.026854335472555977,43.29992447077094,0.035618873783646005,0.36268386056820356,0.0,0,0,0,0
enriched_ad_0044_original,69,0,0,11,0,0,0.1896551724137931,0.0,0,0,0,0,0,0,1,0,0,0,0,0,1,0,1,0,0,False,True,False,True,False,False,False,False,False,False,False,0,0,836,17,1,40.397695622041354,0.0215133827068568,0.058823529411764705,2.376335036590668,40.397695622041354,0.02475388718594114,48.32260241870976,0.03643744138881996,1.4844234067731192,0.0,0,0,0,0
enriched_ad_0045_original,52,82,0,7,14,0,0.13333333333333333,0.07575757575757576,0,0,0,0,0,1,0,0,0,0,0,1,1,0,7,0,0,False,True,False,False,False,False,False,False,False,True,False,0,0,1117,17,1,26.202431926095876,0.0155769365826251,0.058823529411764705,1.5413195250644633,26.202431926095876,0.03816439645069993,23.4578620645442,0.032875573714280945,0.8100007022965052,4.823529411764706,0,1,1,0
enriched_ad_0046_original,30,43,0,5,8,0,0.13043478260869565,0.05714285714285714,1,0,0,0,0,0,0,0,0,0,0,0,1,0,4,0,0,False,True,False,False,False,False,True,False,False,False,False,0,0,985,17,1,32.62894718267829,0.017971196848886,0.058823529411764705,1.9193498342751933,32.62894718267829,0.030647633048082823,33.125834703226694,0.034312129874037485,0.5391359054665801,2.5294117647058822,0,0,0,0
enriched_ad_0047_original,44,109,0,6,17,0,1.0,0.19230769230769232,0,1,0,0,0,0,0,0,0,0,0,0,1,0,1,0,0,False,True,False,True,False,False,False,False,False,False,False,0,0,974,10,1,23.657483736426705,0.0108838294415397,0.1,2.3657483736426705,23.657483736426705,0.04226992232737947,24.28899767600278,0.04653029766492383,0.4788884954277468,10.9,0,0,0,0
enriched_ad_0048_original,29,247,0,5,36,0,0.4166666666666667,0.18226600985221675,0,0,0,0,0,0,0,0,0,0,0,0,1,0,2,0,0,False,True,False,False,True,False,False,False,False,False,False,0,0,1033,14,1,23.603417561192106,0.0136807817589576,0.07142857142857142,1.6859583972280077,23.603417561192106,0.04236674614629384,22.849387764948798,0.03677989762680313,0.3967426710097704,17.642857142857142,0,0,0,0
enriched_ad_0049_original,21,101,0,4,14,0,0.16666666666666666,0.3333333333333333,0,0,0,0,0,0,0,0,0,0,0,0,1,0,6,0,0,False,True,False,False,False,False,False,False,True,False,False,0,0,1190,14,1,28.759286077369296,0.0123044946739412,0.07142857142857142,2.0542347198120927,28.759286077369296,0.03477137774942545,24.167467291906974,0.03595412537579329,0.2583943881527652,7.2142857142857135,0,0,0,0
enriched_ad_0050_original,17,120,0,2,18,0,0.125,0.12048192771084337,0,1,0,0,0,0,0,0,0,0,0,0,1,0,1,0,0,False,True,False,True,False,False,False,False,False,False,False,0,0,834,17,1,33.98172690486665,0.0207398308688052,0.058823529411764705,1.9989251120509792,33.98172690486665,0.029427580381642886,40.74547590511588,0.035973310285989005,0.3525771247696884,7.0588235294117645,0,0,0,0
enriched_ad_0001_improved,45,184,0,7,30,0,0.15789473684210525,0.11029411764705882,0,1,0,0,0,0,1,0,0,0,0,0,1,0,1,0,0,False,True,False,True,False,False,False,False,False,False,False,0,0,1194,26,1,42.506848755067914,0.022597352312035517,0.038461538461538464,2.024135655003234,42.506848755067914,0.02352562067732142,35.60037584176543,0.028943026771836695,1.0168808540415983,7.0769230769230775,0,0,0,0
enriched_ad_0002_improved,40,89,0,8,16,0,0.1724137931034483,0.028985507246376812,1,1,1,1,0,1,1,1,0,0,0,0,1,0,1,0,0,False,True,False,True,False,False,False,False,False,False,False,0,0,995,20,1,34.66554198698995,0.020572982328326855,0.05,2.0391495286464676,34.66554198698995,0.028847089723140693,34.83974069044216,0.032343789396996114,0.8229192931330742,4.45,0,1,1,0
enriched_ad_0003_improved,49,137,0,9,23,0,0.15,0.14423076923076922,0,1,0,0,0,1,0,1,0,0,0,0,1,0,5,0,0,False,True,False,False,False,False,False,True,False,False,False,0,0,1073,31,1,70.15108376243087,0.029790034448525536,0.03225806451612903,2.806043350497235,70.15108376243087,0.01425494727047319,65.37845644215365,0.030777246475566934,1.4597116879777512,4.419354838709677,0,1,1,0
enriched_ad_0004_improved,47,159,0,7,21,0,0.1794871794871795,0.03787878787878788,0,0,0,0,0,1,1,0,0,0,0,0,1,0,1,0,0,False,True,False,True,False,False,False,False,False,False,False,0,0,1059,17,1,31.82351197809082,0.01795101117643203,0.058823529411764705,2.2731079984350586,31.82351197809082,0.03142330741775009,30.050530668641002,0.0343000184705651,0.8436975252923055,9.352941176470589,0,1,1,0
enriched_ad_0005_improved,54,230,0,8,32,0,0.15217391304347827,0.038461538461538464,0,1,0,0,0,1,0,1,0,0,0,1,1,0,1,0,0,False,True,False,True,False,False,False,False,False,False,False,0,0,1129,18,1,26.273406090622107,0.016512136833738558,0.05555555555555555,1.6420878806638817,26.273406090622107,0.038061300333531355,23.271396005865462,0.032129504322465356,0.8916553890218821,12.777777777777777,0,1,1,0
enriched_ad_0006_improved,45,117,0,6,17,0,0.15789473684210525,0.02040816326530612,0,0,0,0,0,0,0,0,0,0,0,0,1,0,7,0,0,False,True,False,False,False,False,False,False,False,True,False,0,0,857,14,1,23.039113264058223,0.017366403015496266,0.07142857142857142,2.094464842187111,23.039113264058223,0.04340444827622915,26.883446049076106,0.038991270380726334,0.781488135697332,8.357142857142856,0,0,0,0
enriched_ad_0007_improved,39,160,0,5,21,0,0.14285714285714285,0.022222222222222223,0,0,0,0,0,0,0,0,0,0,0,0,1,0,1,0,0,False,True,False,True,False,False,False,False,False,False,False,0,0,1151,14,1,19.514659285828976,0.012481714216132986,0.07142857142857142,1.6262216071524147,19.514659285828976,0.05124352853683555,16.954525878218053,0.03606045710110836,0.48678685442918646,11.428571428571427,0,0,0,0
enriched_ad_0008_improved,49,153,0,7,20,0,0.16279069767441862,0.0234375,0,0,0,0,0,0,0,0,0,0,0,0,1,0,1,0,0,False,True,False,True,False,False,False,False,False,False,False,0,0,1060,18,1,40.3041961530641,0.01841299316902961,0.05555555555555555,2.686946410204273,40.3041961530641,0.024811312355722936,38.02282655949443,0.033270018123639986,0.9022366652824508,8.5,0,0,0,0
enriched_ad_0009_improved,43,162,0,7,22,0,0.16666666666666666,0.014705882352941176,1,0,0,0,0,0,0,0,0,0,0,0,2,0,1,0,0,True,True,False,True,False,False,False,False,False,False,False,0,0,864,12,1,21.02794134694637,0.01595582732352923,0.08333333333333333,2.102794134694637,21.02794134694637,0.047555772745448414,24.337895077484227,0.04290682972745087,0.6861005749117569,13.5,0,0,0,0
enriched_ad_0010_improved,52,215,0,7,36,0,0.13043478260869565,0.0903954802259887,0,0,0,0,0,1,0,0,0,0,0,0,1,0,8,0,0,False,True,False,False,False,False,False,False,False,False,True,0,0,993,14,1,31.892013360623714,0.01596129063090254,0.07142857142857142,2.453231796971055,31.892013360623714,0.031355812776457555,32.11683117887584,0.038148202949970095,0.8299871128069322,15.357142857142856,0,1,1,0
enriched_ad_0011_improved,45,130,0,9,18,0,0.18181818181818182,0.02830188679245283,1,1,1,1,0,0,1,0,0,0,0,0,1,0,1,0,0,False,True,False,True,False,False,False,False,False,False,False,0,0,866,12,1,24.51327188128549,0.015788332916770485,0.08333333333333333,2.451327188128549,24.51327188128549,0.04079422791224553,28.306318569613733,0.042806333083395626,0.7104749812546718,10.833333333333332,0,0,0,0
enriched_ad_0012_improved,55,185,0,8,27,0,0.15217391304347827,0.15286624203821655,0,0,0,0,0,0,1,1,0,0,0,0,1,0,7,0,0,False,True,False,False,False,False,False,False,False,True,False,0,0,832,17,1,27.536251406400176,0.022079503058157684,0.058823529411764705,1.8357500937600117,27.536251406400176,0.03631576372692373,33.0964560173079,0.036777113599600494,1.2143726681986726,10.882352941176471,0,0,0,0
enriched_ad_0013_improved,51,110,0,7,16,0,0.13636363636363635,0.20212765957446807,0,0,0,0,1,0,0,1,0,0,0,1,1,0,7,0,0,False,True,False,False,False,False,False,False,False,True,False,0,0,805,12,1,27.909680384421605,0.016629898738559124,0.08333333333333333,2.537243671311055,27.909680384421605,0.035829862120462394,34.67041041543057,0.04331127257646881,0.8481248356665153,9.166666666666666,0,1,1,0
enriched_ad_0014_improved,48,128,0,9,21,0,0.2,0.019230769230769232,0,0,0,0,1,1,0,0,0,0,0,0,1,0,0,0,0,False,True,True,False,False,False,False,False,False,False,False,0,0,1078,13,1,25.191693232893773,0.013062309605331926,0.07692307692307693,2.0993077694078144,25.191693232893773,0.03969562469482048,23.368917655745612,0.03860661653242993,0.6269908610559325,9.846153846153847,0,2,2,0
enriched_ad_0015_improved,29,98,0,6,18,0,0.20833333333333334,0.07792207792207792,0,0,0,0,1,1,0,0,0,0,0,0,1,0,0,0,0,False,True,True,False,False,False,False,False,False,False,False,0,0,1089,16,1,37.26647150417284,0.015440143074878775,0.0625,2.6618908217266317,37.26647150417284,0.026833772011069706,34.22081864478682,0.03426408584492727,0.4477641491714845,6.125,0,2,2,0
enriched_ad_0016_improved,50,216,0,8,31,0,0.14285714285714285,0.033707865168539325,0,0,0,0,0,1,0,0,0,0,0,0,1,0,5,0,0,False,True,False,False,False,False,False,True,False,False,False,0,0,833,25,1,47.55644142040024,0.031047916354644597,0.04,2.067671366104358,47.55644142040024,0.021027645680213383,57.09056593085263,0.034628749812786755,1.55239581773223,8.64,0,1,1,0
enriched_ad_0017_improved,51,141,0,8,21,0,0.13953488372093023,0.05172413793103448,0,0,0,0,0,1,0,0,0,0,0,0,1,0,1,0,0,False,True,False,True,False,False,False,False,False,False,False,0,0,860,19,1,24.282546093617633,0.023570645555465626,0.05263157894736842,1.517659130851102,24.282546093617633,0.04118184296426962,28.235518713508874,0.03519501891222675,1.202102923328747,7.421052631578947,0,1,1,0
enriched_ad_0018_improved,67,155,0,10,24,0,0.14035087719298245,0.03125,0,0,0,0,0,1,1,1,0,0,0,0,1,0,5,0,0,False,True,False,False,False,False,False,True,False,False,False,0,0,942,20,1,30.856239279594305,0.021979264216454502,0.05,1.714235515533017,30.856239279594305,0.032408356408530806,32.75609265349714,0.03318755852987271,1.4726107025024517,7.75,0,1,1,0
enriched_ad_0019_improved,36,190,0,6,25,0,0.16666666666666666,0.031446540880503145,0,0,0,0,0,1,0,0,0,0,0,0,1,0,7,0,0,False,True,False,False,False,False,False,False,False,True,False,0,0,1160,23,1,46.38640791369145,0.020789159817887523,0.043478260869565216,2.577022661871747,46.38640791369145,0.021558039196754426,39.98828268421676,0.0298648002385586,0.7484097534439509,8.26086956521739,0,1,1,0
enriched_ad_0020_improved,50,251,0,8,33,0,0.21951219512195122,0.03286384976525822,0,0,0,0,0,0,0,0,0,0,0,0,1,0,4,0,0,False,True,False,False,False,False,True,False,False,False,False,0,0,894,17,1,30.272483693028853,0.020576661771267,0.058823529411764705,2.018165579535257,30.272483693028853,0.03303329882477664,33.86183858280632,0.03587540882746608,1.02883308856335,14.76470588235294,0,0,0,0
enriched_ad_0021_improved,41,162,0,5,21,0,0.1388888888888889,0.021739130434782608,0,0,0,0,1,1,0,0,0,0,0,0,1,0,9,0,0,False,True,False,False,False,False,False,False,False,False,False,0,0,951,20,1,41.946988556145115,0.02246782043156018,0.05,2.330388253119173,41.946988556145115,0.023839613627126586,44.10829501171937,0.033480692258936115,0.9211806376939674,8.1,0,2,2,0
enriched_ad_0022_improved,48,224,0,7,31,0,0.16666666666666666,0.07303370786516854,0,1,0,0,0,1,0,0,0,0,0,0,1,0,3,0,0,False,True,False,False,False,True,False,False,False,False,False,0,0,976,21,1,36.104610478583716,0.022498356221772757,0.047619047619047616,2.1238006163872774,36.104610478583716,0.027697293690321714,36.99242876904069,0.032546632780682705,1.0799210986450922,10.666666666666666,0,1,1,0
enriched_ad_0023_improved,50,225,0,5,30,0,0.13333333333333333,0.02617801047120419,0,0,0,0,0,0,0,0,0,0,0,0,1,0,9,0,0,False,True,False,False,False,False,False,False,False,False,False,0,0,1015,33,1,70.25052806274846,0.0339128335372705,0.030303030303030304,2.701943387028787,70.25052806274846,0.014234768443402877,69.212342918964,0.03246891224357443,1.6956416768635252,6.818181818181818,0,0,0,0
enriched_ad_0024_improved,39,148,0,6,18,0,0.15151515151515152,0.02727272727272727,0,1,0,0,1,0,1,1,0,0,0,0,0,0,1,0,1,False,True,False,True,False,False,False,False,False,False,False,0,0,1028,16,1,19.86840971702369,0.016143908746586645,0.0625,1.5283392090018224,19.86840971702369,0.05033115454344481,19.32724680644328,0.034686345247951986,0.6296124411168792,9.25,0,1,1,0
enriched_ad_0025_improved,45,222,0,8,31,0,0.16666666666666666,0.026737967914438502,0,0,0,0,0,1,0,0,0,0,0,0,1,0,1,0,0,False,True,False,True,False,False,False,False,False,False,False,0,0,906,13,1,24.142588480521894,0.01516989126140288,0.07692307692307693,2.0118823733768245,24.142588480521894,0.04142057927246676,26.647448653997674,0.0398711655260725,0.6826451067631296,17.076923076923077,0,1,1,0
enriched_ad_0026_improved,39,160,0,6,24,0,0.17647058823529413,0.015151515151515152,0,0,0,0,0,0,0,1,0,0,0,0,1,0,5,0,0,False,True,False,False,False,False,False,True,False,False,False,0,0,1165,36,1,66.1275644517149,0.031112238293739772,0.027777777777777776,2.2042521483904967,66.1275644517149,0.015122286875243697,56.76185789846773,0.029778454087354973,1.213377293455851,4.444444444444445,0,0,0,0
enriched_ad_0027_improved,47,219,0,8,30,0,0.21052631578947367,0.03260869565217391,0,0,0,0,0,1,0,0,0,0,0,0,1,0,1,0,0,False,True,False,True,False,False,False,False,False,False,False,0,0,947,13,1,31.91428222511798,0.015451097159892044,0.07692307692307693,2.9012983841016347,31.91428222511798,0.0313339335958167,33.70040361680885,0.040039889065166,0.7262015665149261,16.846153846153847,0,1,1,0
enriched_ad_0028_improved,51,136,0,9,19,0,0.1891891891891892,0.017543859649122806,1,1,0,0,0,1,0,0,0,0,0,0,1,0,1,0,0,False,True,False,True,False,False,False,False,False,False,False,0,0,920,18,1,32.75774658286151,0.02145213391137551,0.05555555555555555,2.1838497721907673,32.75774658286151,0.030527130352830466,35.60624628571903,0.03509350256904753,1.094058829480151,7.555555555555555,0,1,1,0
enriched_ad_0029_improved,48,197,0,7,26,0,0.21052631578947367,0.018518518518518517,0,0,0,0,0,0,0,1,0,0,0,0,1,0,4,0,0,False,True,False,False,False,False,True,False,False,False,False,0,0,1181,27,1,71.95575171739176,0.024118021723313895,0.037037037037037035,2.9981563215579903,71.95575171739176,0.013897429686059401,60.92781686485332,0.02928562784880315,1.157665042719067,7.296296296296296,0,0,0,0
enriched_ad_0030_improved,38,138,0,7,17,0,0.3548387096774194,0.06779661016949153,0,0,0,0,1,0,1,0,0,0,0,0,1,0,4,0,0,False,True,False,False,False,False,True,False,False,False,False,0,0,1058,18,1,38.247134895737496,0.018143171471891036,0.05555555555555555,2.5498089930491665,38.247134895737496,0.02614574928882964,36.1504110545723,0.03310812510535684,0.6894405159318594,7.666666666666666,0,1,1,0
enriched_ad_0031_improved,39,128,0,7,19,0,0.15625,0.0380952380952381,0,0,0,0,0,1,0,1,0,0,0,0,1,0,1,0,0,False,True,False,True,False,False,False,False,False,False,False,0,0,857,19,1,43.51920528195501,0.022200023158018944,0.05263157894736842,2.5599532518797066,43.51920528195501,0.022978360783960462,50.78086964055427,0.034372645473758734,0.8658009031627388,6.7368421052631575,0,1,1,0
enriched_ad_0032_improved,45,87,0,10,13,0,0.03125,0.027777777777777776,1,0,0,0,0,0,0,0,0,0,0,0,1,0,5,0,0,False,True,False,False,False,False,False,True,False,False,False,0,0,926,23,1,38.50513452574735,0.02689365792416995,0.043478260869565216,1.9252567262873677,38.50513452574735,0.02597056242801403,41.582218710310315,0.03352749910232806,1.2102146065876478,3.782608695652174,0,0,0,0
enriched_ad_0033_improved,45,122,0,8,23,0,0.06060606060606061,0.16842105263157894,1,0,0,0,0,0,0,0,0,0,0,0,1,0,5,0,0,False,True,False,False,False,False,False,True,False,False,False,0,0,859,25,1,51.56363332458238,0.030645684230537436,0.04,2.3438015147537445,51.56363332458238,0.019393513131730017,60.027512601376465,0.03438741053832246,1.3790557903741847,4.88,0,0,0,0
enriched_ad_0034_improved,40,194,0,6,29,0,0.14705882352941177,0.05063291139240506,0,0,0,0,0,1,1,0,0,0,0,0,1,0,1,0,0,False,True,False,True,False,False,False,False,False,False,False,0,0,1162,22,1,37.627788477949785,0.020029918050631455,0.045454545454545456,1.980409919892094,37.627788477949785,0.02657610347166719,32.38191779513751,0.030199769012197057,0.8011967220252582,8.818181818181818,0,1,1,0
enriched_ad_0035_improved,44,145,0,8,22,0,0.17142857142857143,0.059322033898305086,0,0,0,0,0,0,0,0,0,0,0,0,1,0,9,0,0,False,True,False,False,False,False,False,False,False,False,False,0,0,1035,14,1,30.638001074902185,0.014733713006896411,0.07142857142857142,2.5531667562418487,30.638001074902185,0.03263920506939249,29.601933405702592,0.03741165637556641,0.6482833723034421,10.357142857142856,0,0,0,0
enriched_ad_0036_improved,55,150,0,7,21,0,0.17391304347826086,0.088,0,0,0,0,0,0,1,1,0,0,1,0,1,0,6,0,0,False,True,False,False,False,False,False,False,True,False,False,0,0,1038,17,1,34.86008301921328,0.017346811423513492,0.058823529411764705,2.4900059299438055,34.86008301921328,0.028686104948426137,33.58389500887599,0.033937498618813976,0.9540746282932421,8.823529411764707,0,0,0,0
enriched_ad_0037_improved,43,202,0,7,26,0,0.16666666666666666,0.041176470588235294,0,0,0,0,0,1,0,0,0,0,0,0,1,0,4,0,0,False,True,False,False,False,False,True,False,False,False,False,0,0,915,21,1,33.74449687608334,0.02451898332462775,0.047619047619047616,1.9849704044754906,33.74449687608334,0.02963446169229322,36.87923155856103,0.0337590090423957,1.0543162829589932,9.619047619047619,0,1,1,0
enriched_ad_0038_improved,45,164,0,6,24,0,0.15,0.022058823529411766,0,0,0,0,0,0,0,1,0,0,0,0,1,0,1,0,0,False,True,False,True,False,False,False,False,False,False,False,0,0,930,19,1,24.292322238167973,0.020690216117659303,0.05263157894736842,1.619488149211198,24.292322238167973,0.04116526984105311,26.120776600180616,0.03346676124954295,0.9310597252946686,8.631578947368421,0,0,0,0
enriched_ad_0039_improved,40,253,0,6,38,0,0.2,0.024390243902439025,0,0,0,0,0,0,0,1,0,0,0,0,1,0,1,0,0,False,True,False,True,False,False,False,False,False,False,False,0,0,1039,15,1,35.76463410390588,0.01613972155931801,0.06666666666666667,2.751125700300452,35.76463410390588,0.02796058243164829,34.42216949365339,0.036350499602257474,0.6455888623727204,16.866666666666667,0,0,0,0
enriched_ad_0040_improved,45,141,0,9,22,0,0.17391304347826086,0.21978021978021978,1,1,0,0,0,1,0,0,0,0,0,0,1,0,1,0,0,False,True,False,True,False,False,False,False,False,False,False,0,0,1067,21,1,28.922590143114306,0.02019999656562362,0.047619047619047616,1.6068105635063503,28.922590143114306,0.0345750499886703,27.106457491203663,0.03116761698699322,0.9089998454530629,6.7142857142857135,0,1,1,0
enriched_ad_0041_improved,59,407,0,7,58,0,0.1836734693877551,0.017595307917888565,0,0,0,0,0,0,0,0,0,0,0,0,1,0,5,0,0,False,True,False,False,False,False,False,True,False,False,False,0,0,935,28,1,41.978828898708784,0.03048113318898246,0.03571428571428571,1.8251664738569036,41.978828898708784,0.023821531620448772,44.897143207175176,0.03257439419910376,1.7983868581499651,14.535714285714285,0,0,0,0
enriched_ad_0042_improved,47,213,0,6,32,0,0.13513513513513514,0.12269938650306748,1,1,0,0,0,1,0,0,0,1,0,1,1,0,1,0,0,False,True,False,True,False,False,False,False,False,False,False,0,0,1154,23,1,30.49882699999829,0.020740682930959844,0.043478260869565216,1.5249413499999145,30.49882699999829,0.03278814624575745,26.428792894279283,0.02983571410640199,0.9748120977551127,9.26086956521739,0,1,1,0
enriched_ad_0043_improved,28,139,0,7,20,0,0.2631578947368421,0.02608695652173913,1,0,1,0,0,1,1,1,0,0,0,0,1,0,1,0,0,False,True,False,True,False,False,False,False,False,False,False,0,0,860,19,1,37.23793504486301,0.02303973549172282,0.05263157894736842,2.190466767344883,37.23793504486301,0.026854335472555977,43.29992447077094,0.03487647287398106,0.6451125937682389,7.31578947368421,0,1,1,0
enriched_ad_0044_improved,39,225,0,6,29,0,0.17647058823529413,0.015789473684210527,0,0,0,0,0,0,0,0,0,0,0,0,1,0,1,0,0,False,True,False,True,False,False,False,False,False,False,False,0,0,836,20,1,40.397695622041354,0.025495009146751547,0.05,2.376335036590668,40.397695622041354,0.02475388718594114,48.32260241870976,0.03529700548805093,0.9943053567233103,11.25,0,0,0,0
enriched_ad_0045_improved,52,143,0,8,23,0,0.13636363636363635,0.03389830508474576,0,0,0,0,1,1,0,0,0,0,0,0,1,0,7,0,0,False,True,False,False,False,False,False,False,False,True,False,0,0,1117,20,1,26.202431926095876,0.018491507336428077,0.05,1.5413195250644633,26.202431926095876,0.03816439645069993,23.4578620645442,0.03109490440185685,0.96155838149426,7.15,0,2,2,0
enriched_ad_0046_improved,37,166,0,6,23,0,0.13793103448275862,0.02857142857142857,1,0,0,0,0,0,0,0,0,0,0,0,1,0,4,0,0,False,True,False,False,False,False,True,False,False,False,False,0,0,985,21,1,32.62894718267829,0.022897611073776022,0.047619047619047616,1.9193498342751933,32.62894718267829,0.030647633048082823,33.125834703226694,0.03278618569188466,0.8472116097297128,7.904761904761904,0,0,0,0
enriched_ad_0047_improved,57,181,0,7,24,0,0.1,0.06474820143884892,0,1,0,0,0,0,0,0,0,0,0,0,1,0,1,0,0,False,True,False,True,False,False,False,False,False,False,False,0,0,974,12,1,23.657483736426705,0.013979809677985754,0.08333333333333333,2.3657483736426705,23.657483736426705,0.04226992232737947,24.28899767600278,0.041721219140124784,0.796849151645188,15.083333333333332,0,0,0,0
enriched_ad_0048_improved,45,286,0,8,37,0,0.24324324324324326,0.03765690376569038,0,0,0,0,0,1,0,0,0,0,0,0,1,0,2,0,0,False,True,False,False,True,False,False,False,False,False,False,0,0,1033,17,1,23.603417561192106,0.0167807895411312,0.058823529411764705,1.6859583972280077,23.603417561192106,0.04236674614629384,22.849387764948798,0.0335978854893846,0.755135529350904,16.823529411764707,0,1,1,0
enriched_ad_0049_improved,41,189,0,7,28,0,0.17647058823529413,0.12101910828025478,0,0,0,0,0,1,0,0,0,0,0,0,1,0,6,0,0,False,True,False,False,False,False,False,False,True,False,False,0,0,1190,17,1,28.759286077369296,0.0150963545612222,0.058823529411764705,2.0542347198120927,28.759286077369296,0.03477137774942545,24.167467291906974,0.0325872245014392,0.6189505370101102,11.117647058823529,0,1,1,0
enriched_ad_0050_improved,44,175,0,6,23,0,0.1282051282051282,0.06716417910447761,0,1,0,0,0,1,0,0,0,0,0,0,1,0,1,0,0,False,True,False,True,False,False,False,False,False,False,False,0,0,834,18,1,33.98172690486665,0.022856410426373888,0.05555555555555555,1.9989251120509792,33.98172690486665,0.029427580381642886,40.74547590511588,0.035936068478046555,1.0056820587604511,9.722222222222221,0,1,1,0
