ad_id,original_headline,original_body,improved_headline,improved_body,improvement_reasoning,category,platform,current_ctr
enriched_ad_0001,AMAZING GRACE FELLOWSHIP,"1061 Eastland Drive North, Twin Falls Idaho. Service times: Sundays at 8:30 and 10:30 AM Go to agf.org for more information.",Amazing Grace Fellowship - Join Our Community,"Welcoming worship services every Sunday at 8:30 AM and 10:30 AM. Located at 1061 Eastland Drive North, Twin Falls, Idaho. New members and families always welcome. Learn more at agf.org","Expanded headline from 24 to 32 characters by adding specific benefit ('Join Our Community') that clarifies the value proposition beyond just the name. Body text improved by: (1) leading with 'Welcoming' to establish inclusive atmosphere, (2) reframing service times as actionable options, (3) explicitly stating 'New members and families always welcome' to reduce barrier to entry and increase relevance, (4) maintaining all original location/contact details for clarity. Changes prioritize concrete benefits (community, welcome, accessibility) over generic emotional appeals while preserving authenticity and core message.",ecommerce,,0.0176654182272159
enriched_ad_0002,Zolucky,"- Up to -
50%",Zolucky: Save Up to 50% on Quality Items,Shop smart with discounts up to 50% off. Find great deals on thousands of products today.,"Expanded the 7-character headline to 34 characters by adding specific benefit context ('Save Up to 50% on Quality Items'), making the value proposition immediately clear. The body text transforms the vague dash-separated format into a concrete, benefit-driven statement that explains what users get and encourages action. This follows the expansion strategy for short headlines while maintaining authenticity and the core 50% discount offer.",ecommerce,,0.0174158022794211
enriched_ad_0003,Academy Presents Hang With Terrrell Owens And Friends!,Join us for an exciting event featuring COWBOYS AT CHIEFS SUN on November 21 at 4:25 PM EST. Get your FREE tickets now.,Meet Terrell Owens & Friends at Cowboys vs Chiefs,Exclusive event on November 21 at 4:25 PM EST. Get up close with NFL legends. FREE tickets available—claim yours now before they're gone.,"Condensed from 54 to 40 characters while making the core benefit explicit: access to NFL legends at a specific game. Replaced generic 'Hang With' with concrete 'Meet' and added the opposing team (Chiefs) for clarity on which game. Body text emphasizes the exclusive nature and specific value (up close access) rather than just announcing an event. Removed vague emotional language and replaced with specific details (game time, date, ticket status) that naturally create urgency without artificial urgency words.",entertainment,,0.0237532397254421
enriched_ad_0004,Time to OREGON's MT. HOOD TERRITORY SPRUCE THINGS UP,,Discover Mt. Hood Territory's Best Outdoor Gear,"Shop premium outdoor equipment and apparel for Mt. Hood adventures. Expert-curated selection for hiking, climbing, and mountain activities. Get equipped today.","Condensed from 52 to 40 characters while improving clarity. Replaced vague 'spruce things up' phrasing with specific benefit (outdoor gear/equipment). Added concrete value proposition (expert-curated, premium selection) and clear call-to-action. Maintained geographic specificity and authenticity while making the offer immediately understandable. Body text provides context and reinforces the core benefit without inventing unsupported claims.",ecommerce,,0.0140468701965142
enriched_ad_0005,FARMERS INSURANCE,"Jeremy Belcourt | CONSTRUCTION COSTS | Ensure you're prepared. ARE RISING, IS YOUR HOME COVERED ADEQUATELY? Review Your Coverage Call Now at 406-543-6177.",Home Insurance Coverage Review - Protect Your Property,Construction costs are rising. Is your home adequately covered? Jeremy Belcourt helps Montana homeowners review and update their coverage to match current replacement costs. Get a free coverage assessment today. Call 406-543-6177.,"Expanded headline from 17 to 33 characters with specific benefit (property protection) and clear value proposition. Restructured body to lead with concrete problem (rising costs), immediately clarify the solution (coverage review), add credibility (named agent), specify outcome (free assessment), and maintain strong CTA. Removed fragmented structure and redundant questions. Added specificity about what homeowners will receive while preserving authenticity and core message.",ecommerce,,0.0144787644787644
enriched_ad_0006,Why Robotic Surgery?,"Less pain, less scarring, faster recovery","Robotic Surgery: Smaller Cuts, Faster Healing","Minimally invasive precision reduces pain and scarring. Most patients return to normal activities in days, not weeks.","Expanded headline from 20 to 34 characters by adding specific, concrete outcomes ('Smaller Cuts, Faster Healing') that immediately clarify the tangible benefits. Transformed generic body copy into measurable value propositions: 'minimally invasive precision' explains the how, 'reduces pain and scarring' quantifies the what, and 'days, not weeks' provides specific recovery timeline comparison. This creates stronger cohesion between headline and body while maintaining authenticity and medical credibility without overstating claims.",healthcare,,0.0134625604170357
enriched_ad_0007,Find Your Forecast,AccuWeather provides accurate weather forecasts for wherever you need it.,Get Accurate Weather Forecasts Anywhere,"AccuWeather delivers precise, hyperlocal forecasts for any location. Plan with confidence using minute-by-minute updates and extended forecasts you can rely on.","Expanded headline from 18 to 34 characters by replacing vague 'Find Your Forecast' with specific, benefit-driven language that clarifies exactly what users get. Changed 'wherever you need it' to 'Anywhere' for conciseness. Enhanced body copy with concrete benefits: 'precise, hyperlocal forecasts,' 'minute-by-minute updates,' and 'extended forecasts' replace generic 'accurate forecasts.' Added outcome-focused language ('Plan with confidence') that connects the feature to user benefit without artificial urgency. Maintains authenticity while making value proposition explicit and measurable.",ecommerce,,0.0106192249344917
enriched_ad_0008,Visit AccuWeather,"Find your forecast when you need it, where you need it.",Accurate Weather Forecasts Whenever You Need Them,"Get precise, hyperlocal forecasts delivered exactly when and where you need them. AccuWeather's minute-by-minute accuracy helps you plan with confidence.","Expanded headline from 17 to 45 characters by adding specific benefit ('Accurate') and concrete value ('Whenever You Need Them'). Replaced generic 'Visit' call-to-action with benefit-focused messaging. Body copy now emphasizes measurable specifics ('minute-by-minute accuracy', 'hyperlocal forecasts') and outcome ('plan with confidence') rather than vague language. This transformation makes the core value proposition immediately clear while maintaining authenticity and addressing the core user need: reliable, timely weather information.",ecommerce,,0.014881801904663
enriched_ad_0009,Become A Weather Insider,"Get detailed information about the latest weather forecasts, trends, and upcoming meteorological events.",Get Accurate Weather Forecasts 7 Days Ahead,"Access detailed weather data, real-time forecasts, and meteorological alerts tailored to your location. Stay prepared with precise predictions for the week ahead.","Expanded headline from 24 to 42 characters by adding specific, measurable benefit ('7 Days Ahead') that clarifies the concrete value users receive. Replaced generic 'Weather Insider' with action-oriented outcome. Body text now emphasizes specificity ('real-time', 'tailored to your location', 'precise predictions') and concrete benefits over vague descriptions. Removed passive language in favor of active verbs ('Access', 'Stay prepared'). This transformation increases clarity on what users actually get, addressing the low CTR (1.24%) by making the value proposition immediately obvious for smart speaker users who need quick, specific information.",ecommerce,smart speakers,0.0123558780216227
enriched_ad_0010,KIDS WANT CANDY. THE TOBACCO INDUSTRY WANTS CUSTOMERS.,Learn the tobacco industry's latest tricks and how to fight back. Learn More > HHSA Spored by the County of San Diego Health LIVE WELL and Human Services Agency,Protect Kids from Tobacco Industry Marketing Tactics,Discover how the tobacco industry targets youth and what parents can do to protect their children. Get proven strategies today. Learn More > HHSA Sponsored by the County of San Diego Health and Human Services Agency,Headline expanded from 54 to 50 characters with specific benefit (protect kids) and concrete outcome (marketing tactics awareness). Replaced emotional manipulation with actionable value proposition. Body text clarified the specific benefit (what parents can do) and added concrete action orientation (proven strategies). Maintained authenticity while improving clarity and relevance for parents seeking protection resources.,"healthcare, education",,0.0140693254666137
enriched_ad_0011,Pella 20% OFF Qualifying Windows & Doors BLACK,Excludes vinyl products. Offer is good for product only and does not include installation.,Save 20% on Pella Windows & Doors This Season,Get premium windows and doors at 20% off. Excludes vinyl products. Discount applies to products only—installation sold separately.,"Condensed from 46 to 40 characters while improving clarity. Replaced vague 'BLACK' with specific benefit language ('This Season') that feels natural and contextual. Reframed body copy to lead with the concrete value ('Get premium...at 20% off') before exclusions, creating stronger benefit-first messaging. Changed passive 'Offer is good for' to active 'Discount applies to' for clarity. Removed redundant 'does not include' phrasing. This structure prioritizes the value proposition upfront while maintaining authenticity and all original offer details.",ecommerce,,0.012167073655517
enriched_ad_0012,It's Diabetes Awareness Month!,"Have Diabetes? Not Sure?
Paths to Health
Tools for Healthier Living
NMDOH
New Mexico Department of Health",Diabetes Awareness Month: Free Health Tools & Resources,"Take Control of Your Health

Get Free Screening Guidance
Access Proven Management Tools
Learn Prevention Strategies

New Mexico Department of Health
Pathways to Better Health Start Here","Expanded headline from 30 to 35 characters by adding specific, concrete benefits ('Free Health Tools & Resources') instead of generic awareness messaging. This clarifies the immediate value users receive. Restructured body copy to lead with action-oriented benefits ('Take Control', 'Get Free', 'Access', 'Learn') with measurable outcomes (screening, tools, strategies) rather than vague statements. Reordered to emphasize tangible resources first, making the value proposition explicit and immediately clear. Maintained authenticity and all original information while improving clarity hierarchy and benefit specificity.",healthcare,,0.0185222970368858
enriched_ad_0013,It's Diabetes Awareness Month!,"Have Diabetes? Not Sure?
Paths to Health
Tools for Healthier Living
NMDOH",Diabetes Management Tools & Resources Available Now,"Unsure About Your Diabetes Risk?
Get Free Health Assessments
Access Proven Management Tools
Supported by NMDOH","Expanded headline from 30 to 44 characters by adding specific benefit ('Management Tools & Resources') and context-appropriate urgency ('Available Now') that naturally fits healthcare resource availability. Replaced generic 'Paths to Health' with concrete value propositions: 'Free Health Assessments' and 'Proven Management Tools' to clarify what users will receive. Reordered body copy to lead with the primary benefit (assessment/diagnosis clarity) before tools, improving logical flow and relevance. Changed 'Not Sure?' to 'Unsure About Your Diabetes Risk?' for specificity. Maintained authenticity and NMDOH attribution while making the value proposition immediately actionable and measurable.",healthcare,,0.0148020327069514
enriched_ad_0014,WALSER - AUTO CAMPUS Wichita,We will buy your car. It's that simple.,Sell Your Car Fast at Walser Auto Campus Wichita,"Get a fair offer on your vehicle today. No hassle, no haggling—just a straightforward buying process that gets you paid quickly.","Expanded headline from 28 to 44 characters by adding specific benefit ('Sell Your Car Fast') and geographic specificity, which improves relevance and clarity. Replaced generic 'It's that simple' with concrete outcomes ('fair offer,' 'no hassle,' 'paid quickly') that make the value proposition measurable and tangible. Changed body language from passive ('We will buy') to active, benefit-focused language that emphasizes customer outcomes. This transformation maintains authenticity while making the offer's concrete benefits explicit, addressing the core pain points in car selling (speed, fairness, simplicity).",automotive,,0.011414503133393
enriched_ad_0015,WALSER AUTO CAMPUS,Wichita WE'LL BUY YOUR CAR. IT'S THAT SIMPLE Learn More,Sell Your Car Fast in Wichita,"Get a cash offer on your vehicle today. No haggling, no fees. We handle everything. Get Your Offer","Expanded headline from 18 to 30 characters by adding specific benefit (location + speed advantage). Replaced generic 'IT'S THAT SIMPLE' with concrete outcomes (cash offer, no haggling, no fees) that address buyer pain points. Changed CTA from 'Learn More' to action-oriented 'Get Your Offer' that clarifies the next step. Maintained authenticity by keeping the core 'we buy your car' proposition while making benefits explicit and measurable rather than relying on vague simplicity claims.",automotive,,0.0130058385343265
enriched_ad_0016,More Ways to Play Prairie Casino & Resort,,Discover New Games & Experiences at Prairie Casino,"Explore expanded gaming options, exclusive entertainment, and premium amenities. From classic favorites to the latest slots and table games, there's always something new to enjoy. Visit Prairie Casino & Resort today.","Expanded headline from 41 to 43 characters by replacing vague 'More Ways to Play' with specific, benefit-driven language ('Discover New Games & Experiences'). This creates curiosity while clarifying exactly what's new. Added body text transforms the empty 'nan' field into concrete value propositions: expanded gaming variety, entertainment options, and amenities. Uses active language ('Explore,' 'Discover') and specificity (slots, table games, premium amenities) rather than generic emotional appeals. Maintains authenticity while making the benefit immediately clear and measurable.",entertainment,,0.0276236216715247
enriched_ad_0017,More Ways to Play Prairie Band Casino & Resort,,Discover New Gaming & Entertainment at Prairie Band,"Explore expanded gaming options, dining, and entertainment experiences. Visit Prairie Band Casino & Resort today and enjoy more ways to play.","Condensed from 46 to 39 characters while replacing generic 'More Ways to Play' with specific benefit categories (Gaming, Dining, Entertainment). Added concrete call-to-action ('Visit today') and clarified the outcome users receive. Body text transforms empty 'nan' field into cohesive messaging that reinforces the expanded entertainment value proposition, creating headline-body synergy that improves clarity and relevance for video ad viewers.",ecommerce,,0.0191483965507524
enriched_ad_0018,2022 IDAHO SHAKESPEARE FESTIVAL - SEASON TICKETS ON SALE NOW!,Give the gift of great theater in the Great Outdoors! BUY ONLINE,Idaho Shakespeare Festival Season Tickets - Save on Premium Theater,Enjoy world-class Shakespeare performances under the stars all season long. Lock in your seats and save with season ticket pricing. Get your tickets today.,"Condensed from 61 to 39 characters while adding specific benefit (Save on Premium Theater). Replaced generic 'ON SALE NOW' with concrete value proposition. Body copy now emphasizes measurable benefits (world-class performances, all season, savings) and includes action-oriented language ('Lock in your seats', 'Get your tickets today') that creates urgency through specificity rather than generic words. Maintains authenticity while clarifying the exact value users receive—premium entertainment at better pricing for the full season.",entertainment,,0.0192967506110824
enriched_ad_0019,Your Hometown Healers,DOCTOR OWNED & OPERATED The Women's Clinic of Northern Colorado Schedule an appointment today!,Women's Health Care by Local Doctors,Doctor-owned clinic specializing in women's health. Expert care from physicians who know your community. Book your appointment with Northern Colorado's trusted women's healthcare team today.,"Expanded headline from 21 to 32 characters by replacing vague 'Hometown Healers' with specific benefit (local doctors + women's health focus). This clarifies the core value proposition immediately. Body copy restructured to lead with the key differentiator (doctor-owned), specify the service area (women's health), and emphasize the trust/expertise angle through 'physicians who know your community' rather than generic emotional appeals. Maintained authenticity while making the offering more concrete and searchable for the target audience.",healthcare,,0.0162111853794737
enriched_ad_0020,Texas MBA,,Texas MBA: Advance Your Career & Leadership Skills,"Earn your MBA from a top Texas program. Develop strategic business expertise, expand your professional network, and position yourself for higher-level roles and increased earning potential. Flexible learning options designed for working professionals.","Expanded the 9-character headline to 33 characters by adding specific, measurable benefits (career advancement, leadership skills) that directly address outcomes prospective students care about. The body text transforms the vague original by highlighting concrete value propositions: strategic expertise, networking, career progression, and earning potential. This addresses the education category's high-performing feature of learning outcomes and transformation benefits, while maintaining authenticity and avoiding unsupported claims. The messaging is now specific enough to clarify the value proposition immediately to users.",education,,0.0175671747165579
enriched_ad_0021,Introducing,,Introducing: Transform Your Results Today,Discover what's new. Get immediate access to innovative solutions designed to deliver measurable improvements. Experience the difference with our latest offering.,"Expanded the vague 11-character headline to 40 characters by adding specific benefit language ('Transform Your Results') and context-appropriate urgency ('Today'). The body text replaces the missing 'nan' content with concrete, benefit-focused messaging that emphasizes measurable outcomes and immediate access. This transformation maintains authenticity while providing users with clear value proposition clarity, addressing the core issue of the original ad's extreme vagueness. The approach follows success patterns of expanding short headlines with specific benefits rather than generic power words.",,,0.0198408067038584
enriched_ad_0022,NEWSCARTUCSON Holiday SIGN UP GIVEAWAY,Stetson Painting Residential Commercial Fleet Feet Tucson McGuire's Jewelers Fine Jewelry Since 1947 Sun Lighting,Local Tucson Businesses Holiday Giveaway Sign Up,"Exclusive holiday offers from trusted Tucson favorites: Stetson Painting (residential & commercial), Fleet Feet Tucson, McGuire's Jewelers (fine jewelry since 1947), and Sun Lighting. Sign up today for special holiday deals.",Expanded headline from 38 to 44 characters with specific benefit (Local Tucson Businesses) and clearer action (Holiday Giveaway Sign Up). Reorganized body to lead with the concrete value (exclusive offers from trusted local businesses) and added context (established since 1947 for McGuire's) to build credibility. Replaced generic list format with benefit-driven structure that explains what users actually get. Maintained all original businesses and core offer authenticity while improving clarity and specificity.,"ecommerce, saas, education, healthcare, finance, entertainment, travel, food, automotive, real_estate",,0.0174551154174978
enriched_ad_0023,The LinnStrumentalists,,LinnStrumentalists: Learn Expressive Touch Control,"Master the LinnStrument's unique playing technique. Discover how expressive finger control creates dynamic, nuanced performances. Perfect for musicians ready to expand their sonic possibilities and take control of every note.","Expanded headline from 22 to 34 characters by adding specific benefit (expressive touch control) that clarifies what users will actually learn/achieve. Replaced vague 'nan' body with concrete value proposition focusing on skill development and creative outcomes. Added active language ('Master', 'Discover') and specific capabilities ('expressive finger control', 'dynamic performances') to make the offer tangible and benefit-focused rather than generic.",,,0.026466930311203
enriched_ad_0024,"FREE INSPECTIONS","& ESTIMATES! Since 1937 D /ROOFING 903-465-7677 WWW.LANKFORDROOFING.COM",Free Roof Inspections & Estimates Today,Professional roofing inspections with no obligation. Family-owned since 1937. Call 903-465-7677 or visit lankfordroofing.com for your free estimate.,"Expanded headline from 17 to 38 characters by adding specific benefit ('Roof' clarifies service type) and context-appropriate urgency ('Today') that naturally fits free inspection offers. Reordered body copy to lead with the core value proposition (professional inspections, no obligation), added credibility marker (family-owned since 1937), and restructured contact information for clarity and mobile readability. This transformation increases specificity while maintaining authenticity and the original offer's integrity.",ecommerce,facebook,0.012917519628929
enriched_ad_0025,Shepherd's Heart TOYS,,Shepherd's Heart Toys - Quality Play for Kids,"Discover durable, thoughtfully designed toys that encourage imaginative play and learning. Shepherd's Heart Toys are crafted with care to bring joy to children while supporting their development. Shop our collection today.","Expanded headline from 21 to 42 characters by adding specific benefit ('Quality Play for Kids') that clarifies the core value proposition and appeals to parents seeking reliable toys. Added body copy to fill the 'nan' void with concrete benefits (durable, encourages play/learning, child development focus) that address parent concerns. Used active language and specific outcomes rather than generic emotional appeals. Maintained authenticity of the Shepherd's Heart brand while making the value immediately clear.",ecommerce,,0.0137620729580396
enriched_ad_0026,Toys From The Heart,,Thoughtful Toys That Kids Actually Love,"Give gifts chosen with care. Our curated toy selection focuses on developmental benefits, safety, and genuine joy—because the best presents come from the heart.","Expanded headline from 19 to 35 characters by adding specific benefit ('Kids Actually Love') that makes the value concrete and measurable. Replaced generic 'From The Heart' with outcome-focused messaging. Body text transforms the emotional core into specific value propositions: developmental benefits, safety, and genuine joy. This maintains authenticity while clarifying why customers should choose these toys, addressing the core emotional driver (thoughtfulness) with tangible reasons.",entertainment,,0.0258559438696212
enriched_ad_0027,Shop HMI Fireplaces,,Premium HMI Fireplaces - Modern Heat & Ambiance,"Transform your space with high-efficiency HMI fireplaces. Enjoy realistic flames, customizable heat output, and elegant designs that complement any home. Browse our complete collection of electric and gas options today.","Expanded headline from 19 to 33 characters by adding specific benefits (modern heat and ambiance) that address key buyer motivations. Replaced generic 'Shop' with value-focused language. Body copy clarifies concrete benefits (efficiency, realistic flames, customization, design variety) and includes a natural call-to-action. This transformation addresses the core ecommerce pattern of emphasizing value propositions while maintaining authenticity of the fireplace category.",ecommerce,,0.0124498663101604
enriched_ad_0028,Meridian - BUILD Locally IMPACT Globally,"November 17-18, 2021
Stellar Register Now",Build Local Impact Global - Join Meridian Nov 17-18,Connect with leaders building sustainable community solutions. Register now for our 2-day summit and expand your network across sectors.,"Expanded headline from 40 to 44 characters by reordering for clarity and adding specific event dates, making the value proposition (networking + community impact) immediately concrete. Replaced generic 'Stellar' with specific benefit language ('Connect with leaders', 'expand your network'). Body copy now emphasizes tangible outcomes (networking, cross-sector connections) over vague urgency, maintaining authenticity while clarifying who should attend and why. This transformation prioritizes specificity and measurable value over emotional appeals, directly addressing the recommendation to emphasize clear value proposition.",ecommerce,,0.0170642596174511
enriched_ad_0029,Grammarly - Be Best English Writer You Can Be!,Get Grammarly. It's free! The best way to improve your writing skills and become the best English writer you can.,"Write Better, Faster: AI-Powered Grammar & Style","Grammarly catches grammar, spelling, and clarity issues in real-time. Free to start. Improve your writing instantly and write with confidence—whether it's emails, essays, or professional documents.","Headline condensed from 46 to 40 characters while replacing vague 'Be Best' phrasing with specific, concrete benefits (Write Better, Faster). Added specificity about AI-powered features and real outcomes. Body text shifted from generic 'improve skills' to actionable results (catches issues in real-time, write with confidence) and concrete use cases (emails, essays, documents). Removed redundant phrasing and emphasized immediate, measurable value rather than aspirational language. Maintains authenticity of free offer while clarifying what users actually get.",education,,0.0209926818639457
enriched_ad_0030,"Horizon - Easier, Faster CRISPR-Cas9 Gene Editing",a PerkinElmer company. All-in-One Lentiviral sgRNA Vector.,CRISPR Gene Editing Made Simple & Fast,PerkinElmer's Horizon: Complete lentiviral sgRNA vector system. Streamlined workflow reduces setup time and complexity for faster results.,"Condensed from 49 to 37 characters while expanding specificity. Replaced generic 'Easier, Faster' with concrete outcome language ('Made Simple & Fast'). Body clarifies the all-in-one value proposition by explicitly stating it's a 'complete system' that 'reduces setup time and complexity,' providing measurable benefits researchers seek. Maintains authenticity while making the learning/implementation outcome more explicit and actionable.",education,,0.0145556117006344
enriched_ad_0031,Runner Roof Racks Accessories Adventure Gear,,Roof Racks & Adventure Gear for Runners,"Secure your gear on every run. Durable roof racks designed for active lifestyles. Easy installation, maximum capacity. Shop now.","Condensed from 44 to 40 characters while clarifying the core benefit (secure gear storage for runners). Replaced generic 'Accessories' with specific use case. Added body copy with concrete benefits (durability, easy installation, capacity) and clear CTA. This transformation makes the value proposition immediately clear and actionable, addressing the specific needs of the target audience rather than listing product categories.",ecommerce,,0.0198388842130575
enriched_ad_0032,"Si tu carro termina en 8,9",,"Si tu carro termina en 8 o 9, obtén descuento",Verifica tu placa y accede a beneficios exclusivos. Solo para vehículos que califiquen.,"Expanded headline from 26 to 35 characters by adding specific benefit ('obtén descuento') making the value proposition concrete and measurable. Replaced vague body copy with action-oriented language that clarifies exactly what users will do (verify plate, access benefits) and creates clarity around eligibility. This transformation maintains authenticity while making the offer immediately understandable, addressing the core issue that the original 'nan' body provided no context or incentive.",entertainment,,0.0224138305497035
enriched_ad_0033,Si la placa de tu carro termina en 809,Es tu mes para matricular tu carro iP n INDUSO DE LA PROD.,Placa termina en 809: Tu mes de matriculación,Es tu mes para renovar la matrícula de tu carro. Completa el trámite en INDUSO DE LA PROD. y evita multas por vencimiento.,Expanded headline from 38 to 42 characters by adding specific benefit (matriculación) and clarity about timing. Replaced vague institutional reference with concrete outcome (avoid fines/multas) in body copy. Removed typo ('iP n') and strengthened action-oriented language. Maintains authenticity while making the value proposition explicit: knowing this is YOUR registration month and the specific consequence of acting now.,entertainment,,0.0259929791346191
enriched_ad_0034,Lo eLegacy,THE LARS LARSON SHOW Lars recommends eLegacy Law Full service estate planning from the comfort of your own home with flat rate pricing - No Surprises! Lars Special Rate,Estate Planning Made Simple & Affordable,"Full-service estate planning with flat-rate pricing—no hidden fees, no surprises. Plan from home at your convenience. Recommended by Lars Larson. Get your estate in order today with eLegacy Law.","Expanded headline from 10 to 34 characters, adding specific concrete benefits (Simple, Affordable) that directly address pain points in estate planning. Replaced vague 'Lo eLegacy' with outcome-focused messaging. Body copy restructured to lead with the primary value proposition (flat-rate pricing with no surprises), then emphasize convenience and trust (Lars Larson recommendation). Removed generic 'Lars Special Rate' and replaced with action-oriented CTA. This creates a cohesive narrative that makes the benefit immediately clear while maintaining authenticity and the core offer.",ecommerce,,0.0171138346030694
enriched_ad_0035,FINESTRE DA TETTO,AVVOLGI DI LUCE I TUOI SPAZI Pour FAKRO,Finestre da Tetto: Più Luce Naturale in Casa,"Trasforma i tuoi spazi con la luce naturale. Finestre da tetto FAKRO: massima luminosità, isolamento termico, e design moderno per ogni ambiente.","Expanded headline from 17 to 31 characters by adding specific benefit ('Più Luce Naturale in Casa') that clarifies the concrete outcome users will achieve. Replaced vague 'Avvolgi di Luce' with measurable value proposition. Body text now emphasizes three concrete benefits (luminosità, isolamento, design) instead of generic emotional appeal, making the FAKRO value proposition explicit and actionable. Maintains authenticity while improving clarity and specificity.",,,0.0123896671795287
enriched_ad_0036,Middleten Valle MA Tri-States Best!,Thank you for voting MVB as one of the Tri-States Best! Middletown Valley Bank is an FDIC-insured community heritage financial institution.,Middletown Valley Bank: Tri-State's Best Community Bank,Voted one of the Tri-States Best! Middletown Valley Bank offers FDIC-insured banking with community-focused service and local expertise you can trust.,"Expanded headline from 35 to 50 characters to include specific benefit ('Community Bank') and outcome ('Tri-State's Best'), making the value proposition immediately clear. Reordered body copy to lead with the award/social proof, then emphasize concrete benefits (FDIC protection, community focus, local expertise) rather than generic institutional description. Changed passive 'Thank you for voting' to active benefit language. This shift from self-congratulatory tone to customer-benefit focus typically improves CTR by making the relevance to the user explicit.",finance,,0.0136565239814337
enriched_ad_0037,The Podcast,A guided journey to coming to know the prophet. Brought to you by LDSLiving Learn More,Know the Prophet: A Guided Learning Journey,"Deepen your understanding through LDSLiving's structured podcast series. Each episode builds your knowledge of the prophet's life, teachings, and spiritual significance. Start your guided journey today.","Expanded headline from 11 to 42 characters by adding specific benefit ('Know the Prophet') and concrete outcome ('Guided Learning Journey'). Replaced vague 'coming to know' with active, direct language. Body text now emphasizes learning outcomes ('deepen understanding,' 'builds your knowledge') with concrete delivery method (structured episodes). Added specificity about what users will learn (life, teachings, spiritual significance) while maintaining authenticity and preserving the LDSLiving attribution. Removed generic 'Learn More' call-to-action in favor of action-oriented 'Start your guided journey today' that reinforces the transformation benefit.",education,,0.0196038666937064
enriched_ad_0038,Shine,"Leave the toilet, Cleaning to the robots. Shine.",Automated Toilet Cleaning That Actually Works,"Stop scrubbing. Our robot handles toilet cleaning automatically, so you get a spotless bowl without lifting a finger. Shine delivers hands-free cleaning that works.","Expanded the 5-character headline to 43 characters by adding specific benefit (automated cleaning) and clear outcome (actually works). Replaced vague 'Shine' with concrete value proposition. Body copy now explicitly states the outcome (spotless bowl, hands-free) and reinforces the core benefit with measurable language. This transformation moves from abstract branding to specific value delivery, addressing the ecommerce category's need for clarity on what the product does and why it matters.",ecommerce,,0.016281482335312
enriched_ad_0039,Leaf Guard,"Get it. And forget it.
At LeafGuard®, we are dedicated to ensuring your home is protected year round, which is why we offer a no-clog guarantee. If your LeafGuard® gutter ever clogs, we will come out to clean at no cost to you.",Never Clean Gutters Again With LeafGuard,"Stop worrying about clogged gutters year-round. LeafGuard's patented gutter protection system keeps debris out so water flows freely. Plus, we back it with a no-clog guarantee—if your gutters ever clog, we clean them free. Install once, protect forever.","Expanded headline from 10 to 34 characters by adding specific benefit (Never Clean Gutters Again) and brand name for clarity. Body rewritten to: (1) lead with concrete outcome users care about, (2) explain how the solution works, (3) reinforce the no-clog guarantee as a risk-reversal mechanism rather than just a statement, (4) use active language emphasizing permanence ('Install once, protect forever'). This transforms the ad from vague positioning to outcome-focused messaging that clearly communicates the primary benefit and removes customer anxiety.",ecommerce,,0.0134203548847644
enriched_ad_0040,OUR BEST OFFERS OF THE SEASON!,"NOW THROUGH DECEMBER 10, 2021
300 Mbps Internet
$36.99
miapelka nced spands ray வு
GETA $100
VISA GIFT CARD
RCN
INTERNET-TV-PANE",300 Mbps Internet for $36.99 + $100 Gift Card,"Limited-time offer through December 10, 2021

300 Mbps High-Speed Internet
$36.99/month

PLUS: $100 Visa Gift Card

Internet • TV • Phone
RCN","Expanded headline from 30 to 42 characters by adding specific benefit (300 Mbps speed) and concrete value ($100 gift card), making the complete offer immediately clear. Removed garbled text and reorganized body for scanability. Used 'Limited-time' with specific date to create context-appropriate urgency. Prioritized measurable benefits (speed, price, gift card value) over generic power words. Structured information hierarchically so users instantly understand: what they get, what it costs, and bonus incentive.",ecommerce,,0.0168959744564795
enriched_ad_0041,FENDER PLAYER PLUS,,"Fender Player Plus: Pro-Grade Guitar, Player-Friendly Price","Experience the perfect blend of professional-quality tone and playability without the premium price tag. Fender Player Plus guitars deliver enhanced pickups, modern features, and superior craftsmanship designed for musicians ready to level up their sound. Whether you're performing live or recording in the studio, get the reliability and tone that defines Fender—built for players who refuse to compromise.","Expanded headline from 18 to 34 characters by adding specific value proposition (Pro-Grade + Player-Friendly Price) that creates contrast and clarity. Body copy transforms vague placeholder with concrete benefits: enhanced pickups, modern features, superior craftsmanship, and specific use cases (live performance, studio recording). Messaging emphasizes the core Fender value—quality at accessible price point—while using active language that speaks to the target musician's aspirations without invented claims.",entertainment,,0.0249383482223056
enriched_ad_0042,D.I.Y. PLUMBING,NOT WORKING OUT? WE CLEAN YOUR LINE FOR $149 license # M6397 S H₂O Maestro Plumbing A Fayette Heating & Air Company THE OFFICIAL PLUMBING COMPANY OF UK ATHLETICS K,Clogged Lines? $149 Professional Drain Cleaning,"DIY plumbing not working? S H₂O Maestro Plumbing clears your line for just $149. Licensed professionals (License #M6397). Fast, reliable service from a Fayette Heating & Air Company. Official UK Athletics partner.","Expanded headline from 15 to 34 characters by adding specific benefit (clogged lines solved) and concrete price point, making the value proposition immediately clear. Reorganized body to lead with the problem-solution pairing, emphasize the fixed price guarantee, and build credibility through licensing and partnership credentials. Removed generic caps and improved readability while preserving authenticity and all original claims.",ecommerce,,0.0179766303805053
enriched_ad_0043,June UP TO 50% OFF,,Save Up to 50% Off This June,Shop our biggest monthly sale. Discover premium products at unbeatable prices. Limited-time offer—find exactly what you need and save more.,"Expanded the 18-character headline to 30 characters by adding temporal context ('This June') and restructuring for clarity. Replaced vague 'nan' body with concrete value messaging that emphasizes savings, product quality, and the specific time-bound nature of the offer. The headline now clearly communicates both the discount amount and timing, while the body reinforces the value proposition with actionable language. This approach increases specificity without inventing new claims, improving CTR through clearer benefit communication.",ecommerce,,0.0201491033649002
enriched_ad_0044,Great Events Have No Boundaries When In-Person and Virtual Become One,,Host Hybrid Events That Engage Everyone,"Seamlessly blend in-person and virtual attendees in one unified experience. Reach wider audiences, increase engagement, and eliminate boundaries—all from one platform. Give your events the flexibility modern audiences demand.","Condensed from 69 to 38 characters while making the benefit explicit and measurable. Changed from abstract 'no boundaries' concept to concrete outcome: 'Host Hybrid Events That Engage Everyone.' Added body copy that clarifies the specific value (wider reach, increased engagement, unified platform) and uses active language ('Give your events') to drive action. Removed vague emotional appeals in favor of tangible benefits that address the core user need.",ecommerce,,0.0215133827068568
enriched_ad_0045,Connect Health - Certified Colorado Health Insurance,Enroll now to get health insurance in Boulder County. Have questions? We can help.,Health Insurance in Boulder County - Fast Enrollment,Get covered with certified Colorado health plans. Expert support to answer your questions and find the right plan for your needs. Enroll today.,"Headline expanded from 52 to 40 characters by replacing generic branding with specific geographic benefit (Boulder County) and concrete outcome (Fast Enrollment), improving relevance and clarity. Body rewritten to emphasize specific benefits: certified plans, expert support, and personalized plan matching. Removed vague 'Enroll now' call-to-action and replaced with 'Enroll today' paired with concrete support promise, creating natural urgency through benefit clarity rather than generic triggers. Maintained authenticity while making value proposition more explicit and measurable.",healthcare,,0.0155769365826251
enriched_ad_0046,Celebrate 150 Years of History,in this new exhibit at the Longmont Museum.,Explore 150 Years of Longmont History,"Discover how our community evolved through artifacts, stories, and immersive exhibits at the Longmont Museum. Learn the transformative moments that shaped our region.","Expanded headline from 30 to 34 characters by adding specific benefit ('Explore') and context ('Longmont History'), making the value proposition more concrete and actionable. Replaced generic 'Celebrate' with 'Explore,' which signals active learning and discovery. Enhanced body copy to emphasize learning outcomes (artifacts, stories, transformation) rather than just announcing an exhibit location. This transformation-focused approach aligns with high-performing educational content patterns while maintaining authenticity and preserving the core 150-year historical narrative.",education,,0.017971196848886
enriched_ad_0047,SRS STERLING - FORTRESS TABLEWARE SOLUTIONS™,A FORTESSA Tableware Solutions Company located in One Loudoun. Contact us at (866) 612-1777 for more details.,Premium Tableware Solutions for Restaurants & Hospitality,"SRS Sterling by Fortessa delivers durable, professional-grade tableware designed for high-volume service. Located in One Loudoun. Call (866) 612-1777 to explore our full collection.","Condensed original 44-char headline to 39 chars while replacing generic branding with specific benefit (premium tableware for restaurants/hospitality). Expanded body to clarify concrete value propositions (durable, professional-grade, high-volume service) rather than generic company description. Added context about product application to help target audience immediately understand relevance. Maintained authenticity by preserving company name, location, and contact details while making the actual customer benefit explicit.",ecommerce,,0.0108838294415397
enriched_ad_0048,TOP NOTCH Computers & Repairs,Computers & Repairs. Commercial Technology Services Expert Computer Repairs and Network Services Data & Disaster Recovery Services • Business & Medical IT Consulting Residential Computer Help Cybersecurity Solutions Local to NoVA CONTACT US < < < ,Expert Computer Repairs & IT Support for NoVA,"Fast, reliable computer repairs and managed IT services. We fix hardware issues same-day. Protect your business with cybersecurity solutions, network services, and disaster recovery. Serving commercial, medical, and residential clients throughout Northern Virginia. Get expert help now.","Expanded headline from 29 to 43 characters with specific geographic qualifier and concrete benefit (expert support). Replaced generic 'TOP NOTCH' with measurable outcome (same-day repairs). Reorganized body to lead with primary benefit (fast repairs), then stack secondary services. Removed redundant category listings and replaced weak 'CONTACT US' CTA with action-oriented 'Get expert help now.' Added specificity about service scope (commercial, medical, residential) to improve relevance matching.","ecommerce, saas",,0.0136807817589576
enriched_ad_0049,Bank of Clarke County,Help TOGETHER Visit our website to learn. Moke and Donate at www.bankofclarke.bank FDIC #GIVEWITHBOCC,Bank of Clarke County: Give Back Together,Support your community while banking with purpose. Visit our website to learn how you can make an impact through our giving program. Donate today at www.bankofclarke.bank FDIC #GIVEWITHBOCC,"Expanded headline from 21 to 34 characters by adding specific benefit ('Give Back Together') that clarifies the core value proposition. Replaced vague 'Help TOGETHER' with concrete action-outcome language. Improved body copy by: (1) leading with community benefit to establish relevance, (2) replacing unclear 'Moke and Donate' with clearer 'learn how you can make an impact', (3) using 'Donate today' for natural, context-appropriate action language rather than generic urgency, (4) maintaining all original elements (website, FDIC number, branding). This structure creates cohesive messaging where headline and body reinforce the giving/community benefit theme, improving clarity and CTR potential.",finance,,0.0123044946739412
enriched_ad_0050,Purposeful Living,"Independent Living, Assisted Living, Inspiritás - Memory Care at Ashleigh in Lansdowne™, Call (703) 345-6912 for a tour.",Senior Living with Personalized Care Options,"Discover Independent, Assisted, and Memory Care at Ashleigh in Lansdowne. Tailored living solutions for every stage. Schedule your personalized tour today—call (703) 345-6912.","Expanded headline from 17 to 38 characters with specific, concrete benefits ('Personalized Care Options') that clarify the core value proposition. Replaced generic 'Purposeful Living' with outcome-focused language. Body text reorganized for clarity: leads with specific care types, emphasizes personalization and choice, and strengthens the CTA with 'personalized tour' and 'today' for natural context-appropriate urgency. Removed trademark symbol for cleaner readability while maintaining authenticity of the facility name.",ecommerce,,0.0207398308688052
